language,unit_of_analysis,model_type,model_subtype,model_name,train_f1_micro,train_f1_macro,train_accuracy,train_precision_micro,train_precision_macro,train_recall_micro,train_recall_macro,test_f1_micro,test_f1_macro,test_accuracy,test_precision_micro,test_precision_macro,test_recall_micro,test_recall_macro
fr,title,Binary Relevance kNN,Natively Multilabel,BRkNNaClassifier,0.17279220182080127,0.1140140266632969,0.05917159763313609,0.1984020795901984,0.12788590339610748,0.15445544554455445,0.10392464678178966,0.10787037037037038,0.06071428571428572,0.0,0.28956916099773244,0.14183673469387756,0.07142857142857142,0.04373840445269017
fr,title,Binary Relevance kNN,Natively Multilabel,BRkNNbClassifier,0.09520734068212083,0.07431947484452953,0.0,0.10742026947806965,0.06996365585211989,0.21386138613861386,0.2153061224489796,0.10985578685837084,0.10309182634764029,0.0,0.250903342366757,0.13199097650317163,0.21428571428571427,0.2557142857142857
fr,title,ComplementNaiveBayes,RakelD Partitioning of labels,RakelD_ComplementNB,0.9990340497464381,0.9982578397212544,0.9940828402366864,0.9981140971239981,0.9965986394557823,1.0,1.0,0.3177286486985367,0.2835412195181103,0.0,0.3337010212010212,0.2984212216355074,0.3492063492063492,0.3309863945578231
fr,title,LinearSVM,RakelD Partitioning of labels,RakelD_LineaSVM,1.0,1.0,1.0,1.0,1.0,1.0,1.0,0.27227159777285087,0.20303866074542767,0.0,0.3506049019206913,0.25761913525071417,0.25396825396825395,0.19276747062461344
fr,title,LogisticRegressionRidge,RakelD Partitioning of labels,RakelD_LogisticRegression,1.0,1.0,1.0,1.0,1.0,1.0,1.0,0.2674341469663107,0.22863286810655234,0.0,0.34964035720614667,0.2858638072453862,0.25396825396825395,0.22439084724799008
fr,title,Multilabel k Nearest Neighbours¶,Natively Multilabel,MLkNN,0.6632173529138495,0.52721729560458,0.27218934911242604,0.6962404208598383,0.5796371830490369,0.6673267326732674,0.534907928328981,0.26085146289579786,0.20583342355509845,0.0,0.3918309774052071,0.2536440217112486,0.2698412698412698,0.22535095856524429
fr,title,SVM,RakelD Partitioning of labels,RakelD_SVM,0.770950639906086,0.6582584310222207,0.5325443786982249,1.0,1.0,0.6712871287128713,0.5437106622798794,0.060697654630403164,0.03677596769702033,0.0,0.18333333333333335,0.09285714285714285,0.03968253968253968,0.02465677179962894
