language,unit_of_analysis,model_type,model_subtype,model_name,train_f1_micro,train_f1_macro,train_accuracy,train_precision_micro,train_precision_macro,train_recall_micro,train_recall_macro,test_f1_micro,test_f1_macro,test_accuracy,test_precision_micro,test_precision_macro,test_recall_micro,test_recall_macro
fr,title_and_5_sentences,Binary Relevance kNN,Natively Multilabel,BRkNNaClassifier,0.07072135785007073,0.036443148688046656,0.01775147928994083,0.12376237623762376,0.06377551020408163,0.04950495049504951,0.025510204081632654,0.1064653503677894,0.038327526132404185,0.0,0.13640873015873015,0.049107142857142856,0.0873015873015873,0.03142857142857143
fr,title_and_5_sentences,Binary Relevance kNN,Natively Multilabel,BRkNNbClassifier,0.09511084702729895,0.08344774743991966,0.0,0.0886244484157569,0.11851493245847393,0.2099009900990099,0.2122448979591837,0.07432432432432433,0.06901544401544402,0.0,0.04768776197347625,0.04267161410018553,0.19047619047619047,0.21428571428571427
fr,title_and_5_sentences,ComplementNaiveBayes,RakelD Partitioning of labels,RakelD_ComplementNB,1.0,1.0,1.0,1.0,1.0,1.0,1.0,0.3589416305576964,0.2987414993819169,0.0,0.4091029341029341,0.33544372294372293,0.36507936507936506,0.30531385281385276
fr,title_and_5_sentences,LinearSVM,RakelD Partitioning of labels,RakelD_LineaSVM,1.0,1.0,1.0,1.0,1.0,1.0,1.0,0.3192768627919004,0.2462450769781597,0.047619047619047616,0.4103253582134608,0.3569201364756429,0.30952380952380953,0.22978509585652443
fr,title_and_5_sentences,LogisticRegressionRidge,RakelD Partitioning of labels,RakelD_LogisticRegression,1.0,1.0,1.0,1.0,1.0,1.0,1.0,0.33530469828269277,0.24965167266236016,0.047619047619047616,0.4422268907563025,0.384453781512605,0.30952380952380953,0.2222108843537415
fr,title_and_5_sentences,Multilabel k Nearest Neighbours¶,Natively Multilabel,MLkNN,0.8419488141330785,0.8326801778558511,0.4970414201183432,0.91959436440288,0.9326333012489971,0.8178217821782178,0.8021770543575055,0.3477765180146132,0.251530612244898,0.07142857142857142,0.3388176072811047,0.25444632778491616,0.3888888888888889,0.27711811997526287
fr,title_and_5_sentences,SVM,RakelD Partitioning of labels,RakelD_SVM,0.7902746659766207,0.6747325563217977,0.5621301775147929,0.9702970297029703,0.9285714285714286,0.691089108910891,0.56200748045507,0.07677248677248677,0.05190476190476191,0.047619047619047616,0.158008658008658,0.11688311688311688,0.06349206349206349,0.04220779220779221
