language,unit_of_analysis,model_type,model_subtype,model_name,train_f1_micro,train_f1_macro,train_accuracy,train_precision_micro,train_precision_macro,train_recall_micro,train_recall_macro,test_f1_micro,test_f1_macro,test_accuracy,test_precision_micro,test_precision_macro,test_recall_micro,test_recall_macro
it,title_and_5_sentences,Binary Relevance kNN,Natively Multilabel,BRkNNaClassifier,0.044608922486849265,0.027924576163700164,0.01646090534979424,0.22653721682847897,0.14285714285714285,0.02481121898597627,0.015519480519480518,0.031512902085542596,0.01640534262485482,0.016666666666666666,0.16847826086956522,0.08928571428571429,0.017391304347826087,0.00903825903825904
it,title_and_5_sentences,Binary Relevance kNN,Natively Multilabel,BRkNNbClassifier,0.16379298016341037,0.13795877305134513,0.0,0.19297590713904503,0.16455544578455641,0.2632146709816613,0.2574071979124244,0.1741380965178822,0.12378787858783051,0.0,0.17107680771567826,0.10562635402064482,0.26956521739130435,0.24131274131274133
it,title_and_5_sentences,ComplementNaiveBayes,RakelD Partitioning of labels,RakelD_ComplementNB,1.0,1.0,1.0,1.0,1.0,1.0,1.0,0.3922500741507337,0.31387808712001547,0.06666666666666667,0.4474418780697994,0.35686925521756,0.36086956521739133,0.29067128424271277
it,title_and_5_sentences,LinearSVM,RakelD Partitioning of labels,RakelD_LineaSVM,1.0,1.0,1.0,1.0,1.0,1.0,1.0,0.37263132916717845,0.292940277035949,0.06666666666666667,0.4429111337188549,0.3636684846352334,0.33043478260869563,0.2546136749708178
it,title_and_5_sentences,LogisticRegressionRidge,RakelD Partitioning of labels,RakelD_LogisticRegression,1.0,1.0,1.0,1.0,1.0,1.0,1.0,0.40183225148340723,0.28612544317701155,0.1,0.47732350178002353,0.3407918140060997,0.3565217391304348,0.25365527115527114
it,title_and_5_sentences,Multilabel k Nearest Neighbours¶,Natively Multilabel,MLkNN,0.6882051266159434,0.6424459205340993,0.2222222222222222,0.7857701009390295,0.7889423283484925,0.7001078748651565,0.6373534815960146,0.36587375328788685,0.2814151594282078,0.016666666666666666,0.37596861978046386,0.2859148662412209,0.39565217391304347,0.3227099003884718
it,title_and_5_sentences,SVM,RakelD Partitioning of labels,RakelD_SVM,0.8293056644547299,0.771027054080303,0.6378600823045267,0.9938622921548934,0.9963054187192119,0.7357065803667745,0.6581936017376575,0.1227252353204841,0.0544918998527246,0.11666666666666667,0.09920289855072463,0.04404761904761905,0.1608695652173913,0.07142857142857142
