language,unit_of_analysis,model_type,model_subtype,model_name,train_f1_micro,train_f1_macro,train_accuracy,train_precision_micro,train_precision_macro,train_recall_micro,train_recall_macro,test_f1_micro,test_f1_macro,test_accuracy,test_precision_micro,test_precision_macro,test_recall_micro,test_recall_macro
ge,title_and_5_sentences,Binary Relevance kNN,Natively Multilabel,BRkNNaClassifier,0.22509209818772943,0.1437961644628783,0.05673758865248227,0.32889352439128167,0.2230380175234084,0.2646566164154104,0.1648650327710993,0.20471305180607505,0.15227550227550227,0.0,0.41569767441860467,0.2738095238095238,0.19767441860465115,0.16266769865841074
ge,title_and_5_sentences,Binary Relevance kNN,Natively Multilabel,BRkNNbClassifier,0.23855855425941772,0.2090524205841107,0.0,0.18246635205996603,0.15897579585527347,0.3768844221105528,0.3618204921589289,0.2617381906024656,0.19042444630653707,0.0,0.2133834697836512,0.15127390421051365,0.36046511627906974,0.28741496598639454
ge,title_and_5_sentences,ComplementNaiveBayes,RakelD Partitioning of labels,RakelD_ComplementNB,1.0,1.0,1.0,1.0,1.0,1.0,1.0,0.44021352052786067,0.3774105777576731,0.0,0.5084937463357435,0.45682576060727315,0.4127906976744186,0.35391656662665066
ge,title_and_5_sentences,LinearSVM,RakelD Partitioning of labels,RakelD_LineaSVM,1.0,1.0,1.0,1.0,1.0,1.0,1.0,0.3930878872718235,0.2716380816199328,0.02857142857142857,0.491514561589801,0.3478252140016846,0.3488372093023256,0.24394134846921225
ge,title_and_5_sentences,LogisticRegressionRidge,RakelD Partitioning of labels,RakelD_LogisticRegression,1.0,1.0,1.0,1.0,1.0,1.0,1.0,0.3969617497269228,0.3008287299228066,0.0,0.47346964053957896,0.3614147582109767,0.3546511627906977,0.27273286507585487
ge,title_and_5_sentences,Multilabel k Nearest Neighbours¶,Natively Multilabel,MLkNN,0.7369623487949617,0.6842514752489125,0.19858156028368795,0.7939423175715425,0.7800019980010379,0.7571189279731994,0.7056934082049675,0.44990366160230805,0.3649561418833864,0.0,0.4655431302004129,0.3726209463051569,0.45930232558139533,0.38492195123663503
ge,title_and_5_sentences,SVM,RakelD Partitioning of labels,RakelD_SVM,0.8779770816533105,0.8208509157278732,0.6808510638297872,0.9922406148389004,0.9947478991596638,0.8090452261306532,0.7261081500000255,0.05584506494516606,0.03583373148590541,0.0,0.20542635658914726,0.11904761904761904,0.03488372093023256,0.02275910364145658
