language,unit_of_analysis,model_type,model_subtype,model_name,train_f1_micro,train_f1_macro,train_accuracy,train_precision_micro,train_precision_macro,train_recall_micro,train_recall_macro,test_f1_micro,test_f1_macro,test_accuracy,test_precision_micro,test_precision_macro,test_recall_micro,test_recall_macro
ru,title_and_10_sentences,Binary Relevance kNN,Natively Multilabel,BRkNNaClassifier,0.014841280747560808,0.007518796992481203,0.0,0.1409921671018277,0.07142857142857142,0.007832898172323759,0.003968253968253968,0.021705426356589147,0.009523809523809523,0.0,0.16279069767441862,0.07142857142857142,0.011627906976744186,0.00510204081632653
ru,title_and_10_sentences,Binary Relevance kNN,Natively Multilabel,BRkNNbClassifier,0.08703708450668121,0.055700260468843917,0.0457516339869281,0.05749813705580868,0.035792094615624034,0.19321148825065274,0.14285714285714285,0.12442331230580925,0.06824754193175245,0.02631578947368421,0.2083194243536961,0.10856687172476646,0.23255813953488372,0.14880952380952378
ru,title_and_10_sentences,ComplementNaiveBayes,RakelD Partitioning of labels,RakelD_ComplementNB,1.0,1.0,1.0,1.0,1.0,1.0,1.0,0.37444900440796475,0.2462818460717621,0.15789473684210525,0.4050387596899224,0.27125850340136054,0.36046511627906974,0.23435374149659866
ru,title_and_10_sentences,LinearSVM,RakelD Partitioning of labels,RakelD_LineaSVM,1.0,1.0,1.0,1.0,1.0,1.0,1.0,0.2424076607387141,0.1387154861944778,0.13157894736842105,0.3674418604651163,0.22295918367346937,0.19767441860465115,0.1092687074829932
ru,title_and_10_sentences,LogisticRegressionRidge,RakelD Partitioning of labels,RakelD_LogisticRegression,1.0,1.0,1.0,1.0,1.0,1.0,1.0,0.32301187184908114,0.20434565434565435,0.18421052631578946,0.4282945736434108,0.27976190476190477,0.26744186046511625,0.16581632653061223
ru,title_and_10_sentences,Multilabel k Nearest Neighbours¶,Natively Multilabel,MLkNN,0.5826363335777356,0.525530537432522,0.21568627450980393,0.7553623241648825,0.7365503614964107,0.5535248041775457,0.4988218652692336,0.2613191317281133,0.16903709317502422,0.13157894736842105,0.23910005862810238,0.15645258103241297,0.29069767441860467,0.1860544217687075
ru,title_and_10_sentences,SVM,RakelD Partitioning of labels,RakelD_SVM,0.761876225162669,0.6204601025608959,0.5490196078431373,0.97911227154047,0.9285714285714286,0.6762402088772846,0.5257587556349167,0.0,0.0,0.0,0.0,0.0,0.0,0.0
