language,unit_of_analysis,model_type,model_subtype,model_name,train_f1_micro,train_f1_macro,train_accuracy,train_precision_micro,train_precision_macro,train_recall_micro,train_recall_macro,test_f1_micro,test_f1_macro,test_accuracy,test_precision_micro,test_precision_macro,test_recall_micro,test_recall_macro
ru,title_and_first_paragraph,Binary Relevance kNN,Natively Multilabel,BRkNNaClassifier,0.03638507538111682,0.018433179723502304,0.0196078431372549,0.1409921671018277,0.07142857142857142,0.020887728459530026,0.010582010582010581,0.021705426356589147,0.009523809523809523,0.0,0.16279069767441862,0.07142857142857142,0.011627906976744186,0.00510204081632653
ru,title_and_first_paragraph,Binary Relevance kNN,Natively Multilabel,BRkNNbClassifier,0.11336013372566897,0.08093923559762069,0.006535947712418301,0.1697388738285159,0.16187240853788323,0.20887728459530025,0.15782437376864622,0.13478015252801054,0.07135627530364372,0.05263157894736842,0.13679017840584548,0.07068808384597858,0.23255813953488372,0.14047619047619048
ru,title_and_first_paragraph,ComplementNaiveBayes,RakelD Partitioning of labels,RakelD_ComplementNB,0.998723527705251,0.9984126984126984,0.9934640522875817,0.9975025542059257,0.9968944099378881,1.0,1.0,0.32404750440318153,0.23746113363760418,0.07894736842105263,0.35615043870857827,0.2702544479330194,0.3488372093023256,0.25382653061224486
ru,title_and_first_paragraph,LinearSVM,RakelD Partitioning of labels,RakelD_LineaSVM,1.0,1.0,1.0,1.0,1.0,1.0,1.0,0.2132370707268108,0.13822710902542837,0.02631578947368421,0.37519379844961237,0.26666666666666666,0.1744186046511628,0.10841836734693877
ru,title_and_first_paragraph,LogisticRegressionRidge,RakelD Partitioning of labels,RakelD_LogisticRegression,1.0,1.0,1.0,1.0,1.0,1.0,1.0,0.21921515177329132,0.1439734868306297,0.0,0.29435215946843857,0.20433673469387756,0.19767441860465115,0.12738095238095237
ru,title_and_first_paragraph,Multilabel k Nearest Neighbours¶,Natively Multilabel,MLkNN,0.6866710215170472,0.5975494522476984,0.3333333333333333,0.8246354904341241,0.7998969654449402,0.6971279373368147,0.5967840552979872,0.2541730135385343,0.18371817106289154,0.0,0.27239411105690176,0.17253232878232877,0.32558139534883723,0.2773809523809524
ru,title_and_first_paragraph,SVM,RakelD Partitioning of labels,RakelD_SVM,0.7473187609927165,0.6320648461747675,0.5490196078431373,0.97911227154047,0.9285714285714286,0.6370757180156658,0.5163560825712528,0.0,0.0,0.0,0.0,0.0,0.0,0.0
