language,unit_of_analysis,model_type,model_subtype,model_name,train_f1_micro,train_f1_macro,train_accuracy,train_precision_micro,train_precision_macro,train_recall_micro,train_recall_macro,test_f1_micro,test_f1_macro,test_accuracy,test_precision_micro,test_precision_macro,test_recall_micro,test_recall_macro
po,title_and_5_sentences,Binary Relevance kNN,Natively Multilabel,BRkNNaClassifier,0.2944700961938371,0.23683359660778405,0.025806451612903226,0.663732659043095,0.5198292448292449,0.2747688243064729,0.21491062935639255,0.27835503089143865,0.20450006012506014,0.0,0.43691699980963256,0.3154761904761905,0.2669902912621359,0.20069714120466
po,title_and_5_sentences,Binary Relevance kNN,Natively Multilabel,BRkNNbClassifier,0.2905214697132211,0.25818034153348185,0.0,0.3067659769777301,0.293447191030868,0.39762219286657857,0.3612573179098187,0.3189895815611941,0.23922657288033422,0.0,0.28439667128987517,0.221716378859236,0.41262135922330095,0.31918795490224067
po,title_and_5_sentences,ComplementNaiveBayes,RakelD Partitioning of labels,RakelD_ComplementNB,1.0,1.0,1.0,1.0,1.0,1.0,1.0,0.530568225112696,0.4446590360677049,0.02564102564102564,0.5531903488847347,0.47136775337371944,0.529126213592233,0.4441852007641482
po,title_and_5_sentences,LinearSVM,RakelD Partitioning of labels,RakelD_LineaSVM,1.0,1.0,1.0,1.0,1.0,1.0,1.0,0.4689198863196793,0.36646406157413797,0.02564102564102564,0.5037019473590281,0.4034620638239505,0.46116504854368934,0.35787924481533506
po,title_and_5_sentences,LogisticRegressionRidge,RakelD Partitioning of labels,RakelD_LogisticRegression,1.0,1.0,1.0,1.0,1.0,1.0,1.0,0.5159339413360653,0.4078775225113898,0.02564102564102564,0.5519109261827709,0.4502267573696145,0.5048543689320388,0.3966055248010136
po,title_and_5_sentences,Multilabel k Nearest Neighbours¶,Natively Multilabel,MLkNN,0.7607061612570607,0.7265063427776814,0.14193548387096774,0.8128372809354145,0.7936107896733439,0.7767503302509907,0.7516166543887699,0.5036294783680514,0.4269010654659741,0.0,0.49564609074243493,0.41041134913380495,0.558252427184466,0.501284054291573
po,title_and_5_sentences,SVM,RakelD Partitioning of labels,RakelD_SVM,0.9287391806172399,0.8983251561085442,0.7483870967741936,0.9813249485603188,0.9884839115396709,0.8943196829590488,0.839999067308541,0.3467572468026783,0.21087808741772315,0.0,0.2859347771969131,0.17226582940868654,0.44660194174757284,0.2755102040816327
