language,unit_of_analysis,model_type,model_subtype,model_name,train_f1_micro,train_f1_macro,train_accuracy,train_precision_micro,train_precision_macro,train_recall_micro,train_recall_macro,test_f1_micro,test_f1_macro,test_accuracy,test_precision_micro,test_precision_macro,test_recall_micro,test_recall_macro
fr,title_and_first_paragraph,Binary Relevance kNN,Natively Multilabel,BRkNNaClassifier,0.17879675010690435,0.09890840056953014,0.029585798816568046,0.2899823816968163,0.1856784819190834,0.17425742574257425,0.09372056514913658,0.18685185185185188,0.08738095238095238,0.023809523809523808,0.2015810276679842,0.09542631281761717,0.1746031746031746,0.08081632653061224
fr,title_and_first_paragraph,Binary Relevance kNN,Natively Multilabel,BRkNNbClassifier,0.08959796148218957,0.07066513415790192,0.0,0.059716631596073336,0.044960184352639036,0.2079207920792079,0.20714285714285713,0.07361984873117976,0.0672404043260055,0.0,0.04726168140802286,0.041588492808004994,0.19047619047619047,0.21428571428571427
fr,title_and_first_paragraph,ComplementNaiveBayes,RakelD Partitioning of labels,RakelD_ComplementNB,1.0,1.0,1.0,1.0,1.0,1.0,1.0,0.4249084789822824,0.35442076039902126,0.023809523809523808,0.48805763479676517,0.4259973721930244,0.42857142857142855,0.3571552257266543
fr,title_and_first_paragraph,LinearSVM,RakelD Partitioning of labels,RakelD_LineaSVM,1.0,1.0,1.0,1.0,1.0,1.0,1.0,0.29380876282136786,0.20205967002185488,0.023809523809523808,0.3355742296918768,0.22418967587034816,0.2857142857142857,0.20034322820037104
fr,title_and_first_paragraph,LogisticRegressionRidge,RakelD Partitioning of labels,RakelD_LogisticRegression,1.0,1.0,1.0,1.0,1.0,1.0,1.0,0.3327978680489925,0.2762170550588841,0.023809523809523808,0.38705096073517115,0.31854636591478697,0.31746031746031744,0.2641156462585034
fr,title_and_first_paragraph,Multilabel k Nearest Neighbours¶,Natively Multilabel,MLkNN,0.6164685609502398,0.5639720603429036,0.10059171597633136,0.7802896872908046,0.7301766623205042,0.5841584158415841,0.535286568068523,0.3057600829097666,0.23859035858026303,0.023809523809523808,0.3196895505384119,0.24600093660652664,0.3333333333333333,0.2864749536178107
fr,title_and_first_paragraph,SVM,RakelD Partitioning of labels,RakelD_SVM,0.8231869861702118,0.7233438220869057,0.5739644970414202,1.0,1.0,0.7326732673267327,0.612983970425368,0.026455026455026457,0.021645021645021644,0.0,0.01984126984126984,0.016233766233766232,0.03968253968253968,0.032467532467532464
