language,unit_of_analysis,model_type,model_subtype,model_name,train_f1_micro,train_f1_macro,train_accuracy,train_precision_micro,train_precision_macro,train_recall_micro,train_recall_macro,test_f1_micro,test_f1_macro,test_accuracy,test_precision_micro,test_precision_macro,test_recall_micro,test_recall_macro
ge,raw_text,Binary Relevance kNN,Natively Multilabel,BRkNNaClassifier,0.031719780336280555,0.019891500904159132,0.0070921985815602835,0.11390284757118928,0.07142857142857142,0.018425460636515914,0.011554621848739496,0.0,0.0,0.0,0.0,0.0,0.0,0.0
ge,raw_text,Binary Relevance kNN,Natively Multilabel,BRkNNbClassifier,0.11922196771836849,0.10912510167928423,0.0,0.2274981713301134,0.20915710592359324,0.18760469011725292,0.17854847742065788,0.12572920772566024,0.07953995157384988,0.0,0.10308064028994261,0.06196660482374768,0.1744186046511628,0.1326530612244898
ge,raw_text,ComplementNaiveBayes,RakelD Partitioning of labels,RakelD_ComplementNB,1.0,1.0,1.0,1.0,1.0,1.0,1.0,0.5214825101003712,0.41176959063554947,0.0,0.5338463567103607,0.4432273988951007,0.5523255813953488,0.4344794057974067
ge,raw_text,LinearSVM,RakelD Partitioning of labels,RakelD_LineaSVM,1.0,1.0,1.0,1.0,1.0,1.0,1.0,0.4357584872724433,0.29979684580828714,0.0,0.48623578456427297,0.334291601255887,0.4011627906976744,0.27686065654331904
ge,raw_text,LogisticRegressionRidge,RakelD Partitioning of labels,RakelD_LogisticRegression,1.0,1.0,1.0,1.0,1.0,1.0,1.0,0.4165421091858372,0.2934482520414289,0.0,0.5023496584602575,0.38116199657120375,0.37790697674418605,0.26726523942910496
ge,raw_text,Multilabel k Nearest Neighbours¶,Natively Multilabel,MLkNN,0.9159749201743265,0.9150784477777305,0.7021276595744681,0.9279398529004449,0.9267748418128579,0.916247906197655,0.9202631389164734,0.27184238053495,0.23565498815934355,0.0,0.37772345548508335,0.3021541950113379,0.2558139534883721,0.2291893073018681
ge,raw_text,SVM,RakelD Partitioning of labels,RakelD_SVM,0.9240161380401213,0.8798362528284772,0.7588652482269503,1.0,1.0,0.8726968174204355,0.8063381943359487,0.24875050999592005,0.16677109440267338,0.0,0.21781113727629767,0.14366626415962278,0.3023255813953488,0.20872954444935868
