language,unit_of_analysis,f1_micro,precision_micro,recall_micro,f1_macro,precision_macro,recall_macro,accuracy
en,raw_text,0.6543385490753911,0.782312925170068,0.5623471882640587,0.47677494657964603,0.6569340119363354,0.40152583761974014,0.10679611650485436
fr,raw_text,0.4591836734693878,0.6428571428571429,0.35714285714285715,0.28090087252648827,0.3705627705627706,0.2528169449598021,0.07142857142857142
ge,raw_text,0.5923344947735192,0.7391304347826086,0.4941860465116279,0.40394996331252414,0.49285714285714294,0.37609824631607036,0.02857142857142857
it,raw_text,0.5094850948509485,0.6762589928057554,0.40869565217391307,0.3385840233777423,0.4499810014990281,0.29683253129681697,0.11666666666666667
po,raw_text,0.5106382978723405,0.6829268292682927,0.4077669902912621,0.3542549312069222,0.5155750047054395,0.3095147959809613,0.02564102564102564
ru,raw_text,0.15126050420168066,0.2727272727272727,0.10465116279069768,0.08158730158730158,0.1834733893557423,0.07270408163265306,0.02631578947368421
