language,unit_of_analysis,f1_micro,precision_micro,recall_micro,f1_macro,precision_macro,recall_macro,accuracy
en,title_and_5_sentences,0.6371191135734072,0.7348242811501597,0.5623471882640587,0.41924417924417917,0.5536875872217102,0.3668010959926353,0.05825242718446602
fr,title_and_5_sentences,0.3582089552238806,0.48,0.2857142857142857,0.260827375046747,0.3545918367346939,0.22639764996907855,0.023809523809523808
ge,title_and_5_sentences,0.5090909090909091,0.6796116504854369,0.4069767441860465,0.3492008697090367,0.4687641723356008,0.3168162001642762,0.02857142857142857
it,title_and_5_sentences,0.4419889502762431,0.6060606060606061,0.34782608695652173,0.28976066815928564,0.372069597069597,0.2527887354673069,0.03333333333333333
po,title_and_5_sentences,0.516304347826087,0.5864197530864198,0.46116504854368934,0.39369467812962605,0.48267524685725366,0.36355724476025225,0.05128205128205128
ru,title_and_5_sentences,0.24000000000000002,0.38461538461538464,0.1744186046511628,0.14796592296592295,0.2550865800865801,0.12312925170068026,0.05263157894736842
