language,unit_of_analysis,f1_micro,precision_micro,recall_micro,f1_macro,precision_macro,recall_macro,accuracy
en,raw_text,0.6712328767123288,0.7632398753894081,0.5990220048899756,0.494542125863564,0.6562678297125303,0.42653101503340185,0.07766990291262135
fr,raw_text,0.4622641509433962,0.5697674418604651,0.3888888888888889,0.2813540133260457,0.3410530879018275,0.2701267779839208,0.07142857142857142
ge,raw_text,0.6052631578947368,0.696969696969697,0.5348837209302325,0.41646055735507304,0.47528533152391395,0.40986122519183116,0.02857142857142857
it,raw_text,0.5558441558441559,0.6903225806451613,0.4652173913043478,0.3709788878350582,0.4688583794721902,0.33634227652084797,0.13333333333333333
po,raw_text,0.5511363636363636,0.6643835616438356,0.470873786407767,0.3818636863449199,0.4797741940599084,0.3587346863662653,0.02564102564102564
ru,raw_text,0.15,0.2647058823529412,0.10465116279069768,0.11158730158730158,0.25070028011204487,0.08758503401360543,0.02631578947368421
