language,unit_of_analysis,f1-mico_mean,f1-mico_std,precision-micro_mean,precision-micro_std,recall-micro_mean,recall-micro_std,roc-auc_mean,roc-auc_std,accuracy_mean,accuracy_std
en,raw_text,0.6803382315968746,0.021589621811680178,0.7570356551631635,0.03620103705497414,0.6180276059998921,0.015041043236512262,0.7701650311381517,0.01074499696174055,0.11674373271680494,0.02687166805210308
fr,raw_text,0.49147763739755296,0.022026288833329296,0.64595337995338,0.01427132985921688,0.39676458039749934,0.023246424175723222,0.668866896268303,0.013220199475783765,0.07592219986586184,0.03322621504777446
ge,raw_text,0.5639050285658795,0.022133835108674164,0.7131185727432764,0.03672488608052801,0.4665285163397013,0.01798008209402062,0.6903583570111457,0.012842726755421687,0.06234171050068186,0.025571651156406524
it,raw_text,0.5166456749226902,0.023070509917335787,0.658048766180085,0.024278384347897405,0.42565253793825225,0.02642897875566713,0.6713371565845723,0.01423846128269383,0.0627062706270627,0.028581696494535933
po,raw_text,0.5725072439091828,0.006267923706033039,0.6691033939481145,0.009431739562463575,0.5003191655585908,0.006536097443911544,0.6820798192283054,0.004096138434415722,0.06690705128205128,0.023187252951947408
ru,raw_text,0.29916811625715733,0.027736403852029006,0.5118386243386244,0.08981332938591328,0.21387026938322098,0.02582878929982522,0.5845878549396085,0.011323484334110973,0.07845568783068783,0.041155940595017426
