language,unit_of_analysis,f1_micro,precision_micro,recall_micro,f1_macro,precision_macro,recall_macro,accuracy
en,raw_text,0.6883468834688348,0.7720364741641338,0.6210268948655256,0.5610491626624994,0.6882280016602241,0.49589295824114377,0.11650485436893204
fr,raw_text,0.497737556561086,0.5789473684210527,0.4365079365079365,0.37564095686583804,0.5204306722689076,0.347799938157081,0.09523809523809523
ge,raw_text,0.6543209876543209,0.6973684210526315,0.6162790697674418,0.5099702093529374,0.546525335280311,0.5233495152446944,0.02857142857142857
it,raw_text,0.5846153846153845,0.7125,0.4956521739130435,0.4582611494312262,0.6069540547891599,0.3966608813037384,0.13333333333333333
po,raw_text,0.6236559139784946,0.6987951807228916,0.5631067961165048,0.502797289121072,0.6727950310559007,0.47415510554608303,0.05128205128205128
ru,raw_text,0.4967320261437908,0.5671641791044776,0.4418604651162791,0.37118595690024264,0.43888888888888894,0.3570578231292517,0.23684210526315788
