language,unit_of_analysis,f1_micro,precision_micro,recall_micro,f1_macro,precision_macro,recall_macro,accuracy
en,title_and_5_sentences,0.7001356852103122,0.7865853658536586,0.6308068459657702,0.5187811296976849,0.6156559280432463,0.4623628353400922,0.11650485436893204
fr,title_and_5_sentences,0.44052863436123346,0.49504950495049505,0.3968253968253968,0.33877688848619086,0.4236776694483462,0.3143939393939394,0.047619047619047616
ge,title_and_5_sentences,0.5906040268456376,0.6984126984126984,0.5116279069767442,0.5001950430521859,0.6211232220160792,0.45227915727694584,0.02857142857142857
it,title_and_5_sentences,0.5664160401002507,0.6686390532544378,0.49130434782608695,0.4301455088431433,0.5245497062461348,0.383086504515076,0.06666666666666667
po,title_and_5_sentences,0.6522911051212937,0.7333333333333333,0.587378640776699,0.5594512350394704,0.6766810570382,0.523572542745475,0.05128205128205128
ru,title_and_5_sentences,0.5161290322580645,0.5797101449275363,0.46511627906976744,0.38111748202774115,0.39820655534941246,0.3793367346938776,0.23684210526315788
