language,unit_of_analysis,f1_micro,precision_micro,recall_micro,f1_macro,precision_macro,recall_macro,accuracy
en,title_and_10_sentences,0.7074468085106383,0.7755102040816326,0.6503667481662592,0.5372564346943228,0.6493135482192949,0.480236753280288,0.07766990291262135
fr,title_and_10_sentences,0.49361702127659574,0.5321100917431193,0.4603174603174603,0.39425233288015243,0.4963589981447125,0.3792037724180581,0.07142857142857142
ge,title_and_10_sentences,0.6163934426229508,0.706766917293233,0.5465116279069767,0.455346250658866,0.5160765925803521,0.43577650358388975,0.05714285714285714
it,title_and_10_sentences,0.592039800995025,0.6918604651162791,0.5173913043478261,0.44703192239596307,0.5892143465074742,0.40672060475631905,0.18333333333333332
po,title_and_10_sentences,0.6542553191489361,0.7235294117647059,0.5970873786407767,0.5798490196230001,0.6930758762548225,0.5546085806424152,0.05128205128205128
ru,title_and_10_sentences,0.47058823529411764,0.5373134328358209,0.4186046511627907,0.332015207015207,0.37831632653061226,0.32423469387755105,0.15789473684210525
