language,unit_of_analysis,f1_micro,precision_micro,recall_micro,f1_macro,precision_macro,recall_macro,accuracy
en,raw_text,0.6934023285899095,0.7362637362637363,0.6552567237163814,0.5600957956253086,0.6263977132354918,0.5197316382872167,0.08737864077669903
fr,raw_text,0.5551020408163265,0.5714285714285714,0.5396825396825397,0.4334283690592942,0.5295288045288045,0.44248453927025355,0.09523809523809523
ge,raw_text,0.658753709198813,0.6727272727272727,0.6453488372093024,0.5182059403286131,0.5340628356605801,0.5551596954571302,0.02857142857142857
it,raw_text,0.6101694915254238,0.6885245901639344,0.5478260869565217,0.4980280268065166,0.5933754556529863,0.45658314015456875,0.13333333333333333
po,raw_text,0.6632911392405064,0.6931216931216931,0.6359223300970874,0.5580831553224738,0.6693762292715494,0.5469800249875438,0.05128205128205128
ru,raw_text,0.4779874213836478,0.5205479452054794,0.4418604651162791,0.36365145527707105,0.4267878946450375,0.3570578231292517,0.23684210526315788
