language,unit_of_analysis,model_type,model_subtype,model_name,train_f1_micro,train_f1_macro,train_accuracy,train_precision_micro,train_precision_macro,train_recall_micro,train_recall_macro,test_f1_micro,test_f1_macro,test_accuracy,test_precision_micro,test_precision_macro,test_recall_micro,test_recall_macro
en,title_and_first_paragraph,LogisticRegression,No Upsampling,LogisticRegression,1.0,1.0,1.0,1.0,1.0,1.0,1.0,0.6112117360305402,0.42614438470775157,0.05825242718446602,0.6695530313241341,0.5398043830030487,0.5843520782396088,0.3899905346910878
en,title_and_first_paragraph,NaiveBayes,No Upsampling,NaiveBayes,0.9833887531803128,0.9842931194664984,0.9002433090024331,0.9799108426104769,0.9773659463052693,0.987012987012987,0.9915351762340855,0.6423709924435739,0.4631629707971867,0.07766990291262135,0.7322963109449158,0.6081296154825566,0.589242053789731,0.40284236079811864
