language,unit_of_analysis,f1-mico_mean,f1-mico_std,precision-micro_mean,precision-micro_std,recall-micro_mean,recall-micro_std,roc-auc_mean,roc-auc_std,accuracy_mean,accuracy_std
en,title_and_first_sentence_each_paragraph,0.6647130399055469,0.007932251294432556,0.7623294776320497,0.019489643612819386,0.5893629355612039,0.002135896249785327,0.7587123538423981,0.0034384530360094755,0.08170134638922888,0.009984985568073222
fr,title_and_first_sentence_each_paragraph,0.5200951369565362,0.020345373918531667,0.6297834038998819,0.01750813910708116,0.44427641322424377,0.03618033708996938,0.6866266209855797,0.013992244704755295,0.09007377598926895,0.03603819636781462
ge,title_and_first_sentence_each_paragraph,0.5778403658552996,0.0052348920500021,0.6568291444529067,0.03104942097001444,0.5165749470281029,0.013208565028216521,0.6970465686895103,0.002011956331783781,0.04568478472628093,0.036101933508767226
it,title_and_first_sentence_each_paragraph,0.5170036237230885,0.030070962198049066,0.6049444238941469,0.03699693614185923,0.4523935112506541,0.03570679111630661,0.6703970762543566,0.01726179898939665,0.0693069306930693,0.026195557535292974
po,title_and_first_sentence_each_paragraph,0.5947361502917059,0.016984066499006363,0.673579954030899,0.08552837179417068,0.5375715003163298,0.03353255007556174,0.6958197845876892,0.009004027572440626,0.046314102564102566,0.01514486669401508
ru,title_and_first_sentence_each_paragraph,0.47152740409232424,0.03979847459936099,0.60623194150227,0.024700690100717845,0.3884691610492565,0.05737205277761025,0.666912122715097,0.022526332259434116,0.13128306878306878,0.06500918209625249
