language,unit_of_analysis,f1-mico_mean,f1-mico_std,precision-micro_mean,precision-micro_std,recall-micro_mean,recall-micro_std,roc-auc_mean,roc-auc_std,accuracy_mean,accuracy_std
en,title,0.6117835186367673,0.032655822743097036,0.6822712877606573,0.04529429639754586,0.5551825955223194,0.03199831601514679,0.726967199792381,0.017929675686789076,0.05834353325173399,0.011492511594354961
fr,title,0.43542811604378157,0.046512043955735806,0.5344046699558119,0.052600862701424535,0.37003264437301686,0.05562805928817002,0.6412095462909068,0.025510776271290978,0.05217974513749161,0.01667270448926842
ge,title,0.503322476361692,0.01950849445167747,0.5935541310541311,0.036193253142528956,0.43714778564625717,0.011090257486451812,0.6498238569314417,0.018874967226644945,0.02269627897915449,0.009702339448490818
it,title,0.45493968046831706,0.009510032920285336,0.5446771531193694,0.01714863789529285,0.3907428920286063,0.009795145152530008,0.6341199559227607,0.0054602658254387405,0.0429042904290429,0.02061055445015973
po,title,0.537607845807068,0.03464450798950679,0.594059386986136,0.044624970663782154,0.49101033551942597,0.027340490221418465,0.653693126487508,0.015365308218410308,0.02572115384615385,0.01769563879594206
ru,title,0.3101649887032137,0.016988402635516996,0.4859859859859859,0.04129356623089754,0.227902749375142,0.009838961642631672,0.5883444868587414,0.006027660389917135,0.05241402116402116,0.009593866080283958
