language,unit_of_analysis,f1-mico_mean,f1-mico_std,precision-micro_mean,precision-micro_std,recall-micro_mean,recall-micro_std,roc-auc_mean,roc-auc_std,accuracy_mean,accuracy_std
en,title_and_10_sentences,0.6763912521758714,0.026255751993969987,0.7318608256778144,0.025846009925983984,0.6290636861441383,0.031192705786636625,0.769477772554712,0.015294251015549588,0.08948728410172718,0.012090142647870498
fr,title_and_10_sentences,0.5319024453112445,0.01785078190389885,0.5912839976186,0.034722485069393606,0.48424249533255587,0.022067006597574094,0.6962004470106261,0.007832666962739461,0.061569416498993966,0.04353754675079613
ge,title_and_10_sentences,0.588257757588226,0.024751336884240818,0.6434961741118229,0.046179230928536805,0.5433905724770677,0.031132608586390487,0.7031119764827087,0.012303870618358444,0.05104227547243328,0.02918953897473874
it,title_and_10_sentences,0.5553890893015998,0.047845035511853116,0.6187063717184199,0.028858040445455698,0.5049726146869004,0.060918142138431934,0.6944772010469867,0.029738625048509444,0.0627062706270627,0.03748454353663547
po,title_and_10_sentences,0.6008839145308517,0.013066841334063025,0.6682423836049791,0.07545118436170246,0.5509075446427686,0.03396816906745445,0.6994325058682489,0.006501659684114549,0.04126602564102564,0.009097639400023502
ru,title_and_10_sentences,0.46376747367223725,0.05703146732657294,0.5684601412123165,0.04189946467788835,0.3927232447171097,0.06273171409743472,0.6647711774480936,0.03373581309277086,0.12582671957671956,0.032497966953227306
