language,unit_of_analysis,f1-mico_mean,f1-mico_std,precision-micro_mean,precision-micro_std,recall-micro_mean,recall-micro_std,roc-auc_mean,roc-auc_std,accuracy_mean,accuracy_std
en,title,0.6405439811819602,0.01659475097147642,0.701902230604648,0.018174537254100117,0.5891152440169874,0.017032736590146796,0.7456255344244611,0.009160640035266902,0.07589872614352418,0.011883395385281152
fr,title,0.48551768316492994,0.02166163828304044,0.5709457400679714,0.054596711509320266,0.42468153146957266,0.028071533579860232,0.6685460487578112,0.009454572055895276,0.0807511737089202,0.03627166350480162
ge,title,0.4817096210849601,0.05223055777008031,0.5908133822847552,0.05279495863417343,0.4076329007096855,0.05476885134642447,0.6402000986380982,0.02666672833560597,0.04548996688096629,0.025990664733641148
it,title,0.4736150450903833,0.03512299364729085,0.5773924547006679,0.01359666670643123,0.40247165532879814,0.04580057117065476,0.6461212825575949,0.01833853031708764,0.0561056105610561,0.005716339298907183
po,title,0.5134906632947736,0.0284316493641089,0.6044477482771828,0.07244864471578587,0.4500985854344239,0.03950076339721224,0.6434707400584551,0.014307685895774531,0.041185897435897435,0.008604739588883846
ru,title,0.39532676018909396,0.05835176061836158,0.4763940343173518,0.06451864690249158,0.3379140473124795,0.052943500175710506,0.6297387210921946,0.02872804242194212,0.07349537037037036,0.033499897311125695
