language,unit_of_analysis,f1-mico_mean,f1-mico_std,precision-micro_mean,precision-micro_std,recall-micro_mean,recall-micro_std,roc-auc_mean,roc-auc_std,accuracy_mean,accuracy_std
en,title_and_10_sentences,0.6981092157144922,0.018925329547257713,0.7592544649352434,0.02078144612915069,0.6460904758602026,0.017687870823141244,0.7830177538347258,0.010038348711637649,0.10501382655605422,0.035327555316987676
fr,title_and_10_sentences,0.5464516040693933,0.016292893689151662,0.6177492635205055,0.026329393399698548,0.49020469541702383,0.01628323076187977,0.7037355504794851,0.012123261153912301,0.07109322602280349,0.0005808352808748728
ge,title_and_10_sentences,0.6038536850162356,0.007189986499486832,0.6765911433367989,0.04046198857260424,0.5466040898966632,0.01894416000649793,0.7138963560760038,0.003181277347368423,0.0512370933177479,0.01753685274181619
it,title_and_10_sentences,0.5729184122174417,0.03734852251796938,0.625061021002861,0.051033145759961644,0.528968253968254,0.02705115391611789,0.7046566572624222,0.0240333072091,0.09240924092409242,0.020610554450159725
po,title_and_10_sentences,0.6358581405768421,0.01907552340513204,0.6999751546183156,0.08590443433167638,0.5874540570323757,0.0291556614226851,0.7233436712351602,0.010118902539273054,0.06698717948717949,0.008618160038300482
ru,title_and_10_sentences,0.4744589891876714,0.021086971288446332,0.5732715007186232,0.047289191133441356,0.4057900350930344,0.02094746556551522,0.6707501775535086,0.011074572638189716,0.10499338624338624,0.04653741009092965
