language,unit_of_analysis,f1-mico_mean,f1-mico_std,precision-micro_mean,precision-micro_std,recall-micro_mean,recall-micro_std,roc-auc_mean,roc-auc_std,accuracy_mean,accuracy_std
en,title_and_5_sentences,0.6855166794701679,0.013999517256306625,0.74327618794445,0.00882094232398571,0.6361749544481179,0.018743395028147855,0.7750293581715556,0.0074653853991370825,0.11092977922843283,0.015780758055308954
fr,title_and_5_sentences,0.531220630580926,0.02224506283456838,0.607851918334441,0.009219783115475859,0.4723606774343801,0.03269174181433705,0.6948460419546975,0.014543284540162247,0.08054996646545942,0.035878322712690744
ge,title_and_5_sentences,0.5945982670352442,0.020215489578155398,0.6713634286389705,0.05222372051019417,0.534730487931351,0.011036718516248937,0.7071039250301037,0.015402718184442962,0.05708162867718683,0.05254992450987921
it,title_and_5_sentences,0.5522362469228034,0.012114422953871093,0.6307706753035242,0.04797075092830488,0.49253026338740624,0.011477702711402436,0.6912703722008887,0.00837199476577225,0.09900990099009903,0.0297029702970297
po,title_and_5_sentences,0.6105578589118102,0.014343371758458576,0.6789909345996114,0.06735778703825092,0.560286985276415,0.05061742010919392,0.7049255714331571,0.005807165710622754,0.05657051282051282,0.023238284677519806
ru,title_and_5_sentences,0.5016639923931776,0.06066380030771205,0.6024812326913187,0.05912782387380897,0.4305618672523921,0.06168068483280454,0.6851035989958172,0.031318439298441254,0.10491071428571429,0.033778450782190966
