language,unit_of_analysis,f1_micro,precision_micro,recall_micro,f1_macro,precision_macro,recall_macro,accuracy
en,title_and_10_sentences,0.7146739130434783,0.8042813455657493,0.6430317848410758,0.5570318777231479,0.697998691912597,0.49395289851700397,0.1262135922330097
fr,title_and_10_sentences,0.5,0.5471698113207547,0.4603174603174603,0.39307963416802955,0.49279401154401153,0.37663419913419904,0.09523809523809523
ge,title_and_10_sentences,0.6381578947368421,0.7348484848484849,0.563953488372093,0.49776088460298984,0.6261650004131207,0.46605905520102775,0.0
it,title_and_10_sentences,0.5978835978835979,0.7635135135135135,0.49130434782608695,0.45048933419986786,0.5681590486765188,0.38924837603409035,0.13333333333333333
po,title_and_10_sentences,0.6408839779005525,0.7435897435897436,0.5631067961165048,0.5655282623678678,0.7083305116918563,0.5010122396400593,0.05128205128205128
ru,title_and_10_sentences,0.45517241379310347,0.559322033898305,0.38372093023255816,0.3542838114266686,0.4072704081632653,0.3470238095238095,0.10526315789473684
