language,unit_of_analysis,f1_micro,precision_micro,recall_micro,f1_macro,precision_macro,recall_macro,accuracy
en,raw_text,0.6874154262516914,0.7696969696969697,0.6210268948655256,0.5541248212084516,0.6416985085539929,0.506572350889661,0.10679611650485436
fr,raw_text,0.5132743362831858,0.58,0.4603174603174603,0.41116171079579933,0.5266014739229025,0.3818104514533086,0.047619047619047616
ge,raw_text,0.6360655737704919,0.7293233082706767,0.563953488372093,0.46442082204703045,0.530094037615046,0.452983123073791,0.02857142857142857
it,raw_text,0.572972972972973,0.7571428571428571,0.4608695652173913,0.4155019141152869,0.5709903192046049,0.3509181452038594,0.18333333333333332
po,raw_text,0.664850136239782,0.7577639751552795,0.5922330097087378,0.5988074744151809,0.7171857530891145,0.5334311365326403,0.02564102564102564
ru,raw_text,0.45517241379310347,0.559322033898305,0.38372093023255816,0.34751649144506275,0.3793831168831169,0.33511904761904765,0.15789473684210525
