language,unit_of_analysis,f1_micro,precision_micro,recall_micro,f1_macro,precision_macro,recall_macro,accuracy
en,raw_text,0.7044854881266491,0.7650429799426934,0.6528117359413202,0.5757432511820778,0.6500453573276308,0.5319845915513641,0.11650485436893204
fr,raw_text,0.5447154471544714,0.5583333333333333,0.5317460317460317,0.4372180760416055,0.4848860412770187,0.44326066790352503,0.07142857142857142
ge,raw_text,0.660377358490566,0.7191780821917808,0.6104651162790697,0.49072750200032683,0.53428998632946,0.5033948667186172,0.02857142857142857
it,raw_text,0.6329113924050633,0.7575757575757576,0.5434782608695652,0.48299984268029383,0.6493681686267931,0.4272877303234445,0.18333333333333332
po,raw_text,0.6979166666666666,0.7528089887640449,0.6504854368932039,0.6312837299520291,0.7198369856264593,0.5881389287404325,0.07692307692307693
ru,raw_text,0.4429530201342282,0.5238095238095238,0.38372093023255816,0.34098936777508204,0.34821428571428564,0.34464285714285714,0.15789473684210525
