language,unit_of_analysis,f1-mico_mean,f1-mico_std,precision-micro_mean,precision-micro_std,recall-micro_mean,recall-micro_std,roc-auc_mean,roc-auc_std,accuracy_mean,accuracy_std
en,title_and_first_sentence_each_paragraph,0.6890324629292938,0.026355191808306585,0.7592974873729158,0.040088382715116236,0.6316584658748119,0.031904592555931484,0.7765013767562525,0.015014743484143387,0.10497982682805203,0.035082650820260804
fr,title_and_first_sentence_each_paragraph,0.5553743288020424,0.033803605155202004,0.6278649026903064,0.008417159314462876,0.4992297312430393,0.050639813292858105,0.7095920947801305,0.02470202768493211,0.10429242119382964,0.008683050354673186
ge,title_and_first_sentence_each_paragraph,0.5939832345254032,0.014684539493333851,0.6620267488349438,0.01091017071735693,0.5390260401948948,0.024395343416925522,0.7068133920152468,0.004782685625104127,0.06243911942333918,0.00927944617341596
it,title_and_first_sentence_each_paragraph,0.5605381002894978,0.028692975601848435,0.6220286536076011,0.06634873274131407,0.5119185417756846,0.017021067803361357,0.6966690669775737,0.018073659356161065,0.0858085808580858,0.04122110890031946
po,title_and_first_sentence_each_paragraph,0.6451296398205553,0.0205259319651921,0.6778489289192359,0.05263590454639854,0.6170560978014393,0.014483887857183398,0.7296113628690444,0.010630991093367657,0.06926098150483397,0.03939984488117367
ru,title_and_first_sentence_each_paragraph,0.5054309417712771,0.034453035503901636,0.5962356484095616,0.04436188529806448,0.43932748538011696,0.03572909184166644,0.6882942688502088,0.020730390205795035,0.165625,0.03077768063061283
