language,unit_of_analysis,f1-mico_mean,f1-mico_std,precision-micro_mean,precision-micro_std,recall-micro_mean,recall-micro_std,roc-auc_mean,roc-auc_std,accuracy_mean,accuracy_std
en,title,0.636900080251657,0.01468382102656859,0.7016273674488684,0.026976103882005064,0.5832434831215676,0.006101648127484317,0.7430962029403324,0.006243169723485488,0.07198875742327394,0.008980391693529429
fr,title,0.4654081077546725,0.035658461054852555,0.5946536947252596,0.04966003957235491,0.38337062513394476,0.0378396158410673,0.6562199628514472,0.017956390707257467,0.07116029510395708,0.024979158738584775
ge,title,0.5230730894132208,0.031214481764129512,0.6014598740716316,0.015193775286984405,0.46369771909243224,0.0441041707275174,0.6621340625122992,0.022448777102863613,0.04539255795830899,0.009448163376568978
it,title,0.47292597553226945,0.008515110716581306,0.5711563107785098,0.021087711473625894,0.4036485260770975,0.0031627922500009086,0.6449429291746399,0.005013614838432249,0.0429042904290429,0.011432678597814374
po,title,0.5469459426842858,0.019941265783206638,0.6099316870407071,0.0653607833078398,0.5004014027971437,0.042877565862285937,0.6614950362914601,0.008121504166913304,0.036137820512820516,0.017976419499930327
ru,title,0.3899939716336484,0.014734507421005523,0.5310208648133042,0.0224347732779517,0.3093473074301295,0.025707770706831674,0.6254242307778055,0.00873989241708341,0.09441137566137565,0.032247150595833246
