language,unit_of_analysis,f1-mico_mean,f1-mico_std,precision-micro_mean,precision-micro_std,recall-micro_mean,recall-micro_std,roc-auc_mean,roc-auc_std,accuracy_mean,accuracy_std
en,title_and_5_sentences,0.694133815411127,0.019587010805293913,0.759989402868457,0.021706794202801256,0.639054052008371,0.024101208325776856,0.7800869856623492,0.012156715158267405,0.13228160841379935,0.029906879184116317
fr,title_and_5_sentences,0.5342913665718766,0.017684684875267552,0.5875960152679994,0.033268248054479185,0.4925037430929025,0.043540505192498094,0.6992060358445672,0.01645548089996469,0.06633132126089873,0.007973326272894835
ge,title_and_5_sentences,0.5922823440183097,0.011852042381539203,0.6579651412028563,0.028205809070534445,0.5391839806513427,0.017991197092939847,0.7053759181230235,0.006562963133448065,0.07383596337424508,0.02577124213023631
it,title_and_5_sentences,0.547091793580662,0.016886667639689337,0.6127323189979501,0.03702735020534413,0.49573591487877205,0.03048626056906931,0.6887440595930913,0.0123913549422799,0.0594059405940594,0.009900990099009903
po,title_and_5_sentences,0.6059286289842941,0.029726319281463284,0.6691714807612112,0.05241717747151963,0.5554878752534821,0.03801072966226355,0.702464106988438,0.01527164194602639,0.061939102564102566,0.01598934190287954
ru,title_and_5_sentences,0.5014318986454044,0.04805623696458026,0.5883569069409778,0.0406727513043117,0.43720650609709916,0.051150348332259093,0.6861099780223329,0.03000005475022379,0.17270171957671956,0.02637650072729255
