language,unit_of_analysis,f1-mico_mean,f1-mico_std,precision-micro_mean,precision-micro_std,recall-micro_mean,recall-micro_std,roc-auc_mean,roc-auc_std,accuracy_mean,accuracy_std
en,title_and_10_sentences,0.6782884310618067,,0.7039473684210527,,0.654434250764526,,0.7754929874512285,,0.08771929824561403,
fr,title_and_10_sentences,0.5412371134020618,,0.5614973262032086,,0.5223880597014925,,0.7094916338860552,,0.08450704225352113,
ge,title_and_10_sentences,0.6222222222222223,,0.6784140969162996,,0.5746268656716418,,0.7202178446005267,,0.08620689655172414,
it,title_and_10_sentences,0.571830985915493,,0.6059701492537314,,0.5413333333333333,,0.7071440487648379,,0.10891089108910891,
po,title_and_10_sentences,0.6591999999999999,,0.7304964539007093,,0.6005830903790087,,0.7315754511569545,,0.046875,
ru,title_and_10_sentences,0.5683453237410072,,0.5895522388059702,,0.5486111111111112,,0.7377364066193853,,0.09375,
