language,unit_of_analysis,f1-mico_mean,f1-mico_std,precision-micro_mean,precision-micro_std,recall-micro_mean,recall-micro_std,roc-auc_mean,roc-auc_std,accuracy_mean,accuracy_std
en,raw_text,0.6625766871165644,,0.7761806981519507,,0.5779816513761468,,0.7576689866076136,,0.08771929824561403,
fr,raw_text,0.5730337078651686,,0.6580645161290323,,0.5074626865671642,,0.7203139410137208,,0.07042253521126761,
ge,raw_text,0.5999999999999999,,0.6792452830188679,,0.5373134328358209,,0.7061567164179104,,0.10344827586206896,
it,raw_text,0.5700325732899023,,0.7322175732217573,,0.4666666666666667,,0.7025344882900225,,0.1188118811881188,
po,raw_text,0.64891846921797,,0.7558139534883721,,0.5685131195335277,,0.7272945344503082,,0.046875,
ru,raw_text,0.47808764940239046,,0.5607476635514018,,0.4166666666666667,,0.6770833333333334,,0.0625,
