language,unit_of_analysis,f1-mico_mean,f1-mico_std,precision-micro_mean,precision-micro_std,recall-micro_mean,recall-micro_std,roc-auc_mean,roc-auc_std,accuracy_mean,accuracy_std
en,title_and_10_sentences,0.6895607857537551,0.016650631338340605,0.7381837191850426,0.038610425496160845,0.6475676116933623,0.007874258733106447,0.7787707692589706,0.0065995781041371035,0.08559998186681173,0.0032391470265312897
fr,title_and_10_sentences,0.5531413139098081,0.017865436764667526,0.6149623199024196,0.04649832547364476,0.5048357984913596,0.02966235465180228,0.7092647906533096,0.011408350083492325,0.09007377598926895,0.008617528736639063
ge,title_and_10_sentences,0.626499118165785,0.006732184841382339,0.6833546165711978,0.06295456660785327,0.5826145139667888,0.03705887871441812,0.7280707392182378,0.007533965941085674,0.08523280732515098,0.050854454913091145
it,title_and_10_sentences,0.5585563817120159,0.017142938592924952,0.6212430355902884,0.049092468239042925,0.509530437816152,0.02895521296696173,0.695801611542398,0.012478643566995044,0.09240924092409242,0.020610554450159725
po,title_and_10_sentences,0.632689676091431,0.02431792932222341,0.6900388132753713,0.03588229395730054,0.5846344540567489,0.023988437628489,0.7201199233530365,0.009929294279343333,0.056650641025641026,0.01756014688518269
ru,title_and_10_sentences,0.5118426620932356,0.05672295001839713,0.6044943187913385,0.022551472948174712,0.45168553864020805,0.09639588460904758,0.694418421196532,0.04182330602048741,0.1470734126984127,0.07921341224930048
