language,unit_of_analysis,f1-mico_mean,f1-mico_std,precision-micro_mean,precision-micro_std,recall-micro_mean,recall-micro_std,roc-auc_mean,roc-auc_std,accuracy_mean,accuracy_std
en,title_and_5_sentences,0.67139034503899,0.011989650451807138,0.7333128679420522,0.010170350393751483,0.6194853312898261,0.022456115231733388,0.7655219188463099,0.006934168882108454,0.09730722154222766,0.018074429369115352
fr,title_and_5_sentences,0.527940372198683,0.027258621675705443,0.5930748902345132,0.02555907919152799,0.47709912193993337,0.04087612048649954,0.6936830397201534,0.018606566898207194,0.06619718309859154,0.02894938046230289
ge,title_and_5_sentences,0.5534736159023863,0.030324861917834085,0.6279651851824859,0.03632817523018967,0.49487264385663954,0.027078184420464564,0.6811197128037976,0.01552336412743738,0.04568478472628093,0.0433347106472479
it,title_and_5_sentences,0.5155422401420598,0.032363680046206565,0.5842701656655145,0.03014305496218391,0.4614060701203559,0.033666993055084506,0.66928408502117,0.019102221191635932,0.06600660066006601,0.015124012194573728
po,title_and_5_sentences,0.6244289361931655,0.018148537771928066,0.6795741548687374,0.07234701610856613,0.5837655750949344,0.04913168173513381,0.7152852709036789,0.012501583842352431,0.046474358974358976,0.026928799758070474
ru,title_and_5_sentences,0.4393613767346019,0.030020224182862074,0.5793045130201094,0.00681009793708775,0.3546447777020374,0.03667663857199182,0.6498189887358817,0.01412226556490873,0.07862103174603174,0.02750293630822811
