language,unit_of_analysis,f1-mico_mean,f1-mico_std,precision-micro_mean,precision-micro_std,recall-micro_mean,recall-micro_std,roc-auc_mean,roc-auc_std,accuracy_mean,accuracy_std
en,title_and_first_sentence_each_paragraph,0.6610025488530162,,0.7437858508604207,,0.5948012232415902,,0.7588948644943584,,0.08771929824561403,
fr,title_and_first_sentence_each_paragraph,0.5129682997118157,,0.6095890410958904,,0.4427860696517413,,0.6854535644601707,,0.08450704225352113,
ge,title_and_first_sentence_each_paragraph,0.589247311827957,,0.6954314720812182,,0.5111940298507462,,0.7004499561018437,,0.08620689655172414,
it,title_and_first_sentence_each_paragraph,0.5023696682464455,,0.6162790697674418,,0.424,,0.6643580365736285,,0.0891089108910891,
po,title_and_first_sentence_each_paragraph,0.6167247386759581,,0.7662337662337663,,0.5160349854227405,,0.7091928995829797,,0.03125,
ru,title_and_first_sentence_each_paragraph,0.44642857142857145,,0.625,,0.3472222222222222,,0.6536643026004729,,0.09375,
