language,unit_of_analysis,f1-mico_mean,f1-mico_std,precision-micro_mean,precision-micro_std,recall-micro_mean,recall-micro_std,roc-auc_mean,roc-auc_std,accuracy_mean,accuracy_std
en,raw_text,0.6929067044816571,0.019391213249389524,0.7515952807520828,0.03327980181134664,0.6429373404675647,0.011231250958180224,0.7799216644310477,0.00945702300435788,0.10695181105217826,0.023182737247142253
fr,raw_text,0.5423561793756327,0.015276733745281133,0.6070906774111269,0.002116276596130059,0.490418253044749,0.024220599632477836,0.7021446356819948,0.013186204315104994,0.07578806170355466,0.016158499281371443
ge,raw_text,0.61317315163469,0.02437158325185264,0.6320594386396515,0.012415148546043793,0.5966193606456149,0.04602107588090212,0.7194873510994496,0.022636333395560967,0.03964543152152737,0.039058305828972475
it,raw_text,0.5716292829988016,0.022460314763022786,0.623259905812859,0.05127873142075958,0.5290162218733647,0.0039741341857307735,0.7036949981669154,0.015041724056886401,0.05610561056105611,0.03182723023430018
po,raw_text,0.6337241425927919,0.016972506930738724,0.6503677789285375,0.0419527033159631,0.6195549377364852,0.0228505603211565,0.7184856075386193,0.008287694447982542,0.04126602564102564,0.009097639400023502
ru,raw_text,0.4506978426676409,0.01529235494630204,0.5509799141090955,0.013310787583692361,0.38215273044005144,0.026282462811878574,0.6579399369675349,0.010475297141788825,0.12045304232804233,0.024110323646494423
