language,fold,unit_of_analysis,f1-mico,precision-micro,recall-micro,roc-auc,accuracy
en,fold_3,raw_text,0.6732026143790849,0.7228070175438597,0.6299694189602446,0.7695824106295476,0.0935672514619883
fr,fold_3,raw_text,0.5591397849462366,0.6081871345029239,0.5174129353233831,0.7164618270563952,0.08450704225352113
ge,fold_3,raw_text,0.5877712031558184,0.6234309623430963,0.5559701492537313,0.6952644863915716,0.017241379310344827
it,fold_3,raw_text,0.5847953216374269,0.6472491909385113,0.5333333333333333,0.7142123837022779,0.07920792079207921
po,fold_3,raw_text,0.6384976525821596,0.6891891891891891,0.5947521865889213,0.7141934531497951,0.046875
ru,fold_3,raw_text,0.456,0.5377358490566038,0.3958333333333333,0.6653368794326241,0.09375
