language,fold,unit_of_analysis,f1-mico,precision-micro,recall-micro,roc-auc,accuracy
en,fold_3,raw_text,0.6633081444164567,0.7355679702048417,0.6039755351681957,0.7611831698829484,0.0935672514619883
fr,fold_3,raw_text,0.550561797752809,0.632258064516129,0.48756218905472637,0.7078416241616633,0.09859154929577464
ge,fold_3,raw_text,0.5828092243186582,0.6650717703349283,0.5186567164179104,0.6949901229148375,0.017241379310344827
it,fold_3,raw_text,0.5522620904836194,0.6654135338345865,0.472,0.6931703561116458,0.09900990099009901
po,fold_3,raw_text,0.610738255033557,0.7193675889328063,0.5306122448979592,0.7011108240764661,0.046875
ru,fold_3,raw_text,0.44813278008298757,0.5567010309278351,0.375,0.6589095744680852,0.078125
