language,unit_of_analysis,f1-mico_mean,f1-mico_std,precision-micro_mean,precision-micro_std,recall-micro_mean,recall-micro_std,roc-auc_mean,roc-auc_std,accuracy_mean,accuracy_std
en,raw_text,0.6760228969447363,0.016155369119348124,0.7600546787285499,0.03179838172138267,0.6089064160672278,0.005934531588596728,0.7668675878608947,0.007057246427526368,0.09915454009701256,0.03213908403386234
fr,raw_text,0.5165361885667937,0.031663574980862204,0.6134045994070843,0.017164284350472625,0.4465060941656293,0.03829126863208839,0.6851244067496154,0.02126370049352877,0.0852448021462106,0.013587573468764111
ge,raw_text,0.5952272901149437,0.01996497526093984,0.6532430542229347,0.012902046343220891,0.548276022830959,0.04364201145467814,0.7081032981896134,0.01633858296085385,0.03964543152152737,0.039058305828972475
it,raw_text,0.5390526793032291,0.015011943093885101,0.6377218336211454,0.044840584052922974,0.4676595150880865,0.007341010676608762,0.6833910938359878,0.010425883379174432,0.07260726072607261,0.04573071439125749
po,raw_text,0.6129258926511665,0.009715717850487603,0.6703941785173412,0.048310148757440226,0.5672371662408763,0.03176356738519199,0.7069925037153991,0.005866563435046746,0.04126602564102564,0.009097639400023502
ru,raw_text,0.44076046901353444,0.013915062822550828,0.5668781390430875,0.010111670870174515,0.3608681107829029,0.018819089910600134,0.6511677778559414,0.009100829123604739,0.115244708994709,0.03286218116692352
