language,unit_of_analysis,f1-mico_mean,f1-mico_std,precision-micro_mean,precision-micro_std,recall-micro_mean,recall-micro_std,roc-auc_mean,roc-auc_std,accuracy_mean,accuracy_std
en,title_and_first_paragraph,0.6556291390728477,,0.7148014440433214,,0.6055045871559633,,0.7573499947274069,,0.09941520467836257,
fr,title_and_first_paragraph,0.4929178470254957,,0.5723684210526315,,0.43283582089552236,,0.6754343038903841,,0.07042253521126761,
ge,title_and_first_paragraph,0.5720164609053497,,0.6376146788990825,,0.5186567164179104,,0.6867180640913081,,0.06896551724137931,
it,title_and_first_paragraph,0.4962852897473997,,0.5604026845637584,,0.44533333333333336,,0.6596252807186398,,0.0594059405940594,
po,title_and_first_paragraph,0.6129032258064516,,0.6859205776173285,,0.5539358600583091,,0.6983060855445252,,0.015625,
ru,title_and_first_paragraph,0.4326530612244898,,0.5247524752475248,,0.3680555555555556,,0.6521128841607566,,0.078125,
