language,unit_of_analysis,f1-mico_mean,f1-mico_std,precision-micro_mean,precision-micro_std,recall-micro_mean,recall-micro_std,roc-auc_mean,roc-auc_std,accuracy_mean,accuracy_std
en,title_and_10_sentences,0.7054443462582943,0.012652776244371331,0.7552172673515444,0.024908618441937588,0.6623232073625948,0.018270048026044067,0.7891168448604368,0.006786506455982145,0.09135726914184687,0.040666901125418965
fr,title_and_10_sentences,0.578765280602551,0.016821636077368047,0.6462762517171523,0.03532196401333325,0.5253903611188395,0.027878448981710918,0.7235901589350053,0.012065943476312825,0.09470154258886654,0.01556638552744665
ge,title_and_10_sentences,0.6450952655765314,0.012930190930667374,0.7291715811370119,0.013446967500093868,0.578457159602637,0.014056192156988728,0.7405375288998318,0.00617720960188355,0.09088252483927528,0.00939226106369854
it,title_and_10_sentences,0.5592490101319288,0.04257945114266958,0.6368646408308121,0.0594668209137618,0.499265306122449,0.03822341894859924,0.6958092358322965,0.027856978307287922,0.07590759075907591,0.030248024389147456
po,title_and_10_sentences,0.6413572220001044,0.005433109396238853,0.7328031365548897,0.024741485815472197,0.5708275306454235,0.017167036772909903,0.7284304234627609,0.006977318251907387,0.07203525641025642,0.023107368405024465
ru,title_and_10_sentences,0.5467752349166618,0.01636922740103246,0.6292186022263838,0.057833414183334104,0.48850797798480144,0.05207750449360075,0.7133055138662971,0.019273637208347502,0.183614417989418,0.0614270448088846
