language,unit_of_analysis,f1_micro,precision_micro,recall_micro,f1_macro,precision_macro,recall_macro,accuracy
en,title_and_5_sentences,0.6610878661087867,0.7694805194805194,0.5794621026894865,0.4602074325495367,0.5716123949579831,0.40350038576068964,0.1262135922330097
fr,title_and_5_sentences,0.46017699115044247,0.52,0.4126984126984127,0.3853073944688851,0.5284330331322813,0.34095238095238095,0.09523809523809523
ge,title_and_5_sentences,0.5418060200668896,0.6377952755905512,0.47093023255813954,0.3865887662880144,0.4465096769853226,0.3671183385634955,0.0
it,title_and_5_sentences,0.5642317380352644,0.6706586826347305,0.48695652173913045,0.3902407894361795,0.4470747065611242,0.3596594619808906,0.11666666666666667
po,title_and_5_sentences,0.5917808219178081,0.6792452830188679,0.5242718446601942,0.4503987805490578,0.6345678131392417,0.4138642685635167,0.02564102564102564
ru,title_and_5_sentences,0.4697986577181208,0.5555555555555556,0.4069767441860465,0.29876138898695287,0.3277056277056277,0.29302721088435374,0.15789473684210525
