language,unit_of_analysis,f1-mico_mean,f1-mico_std,precision-micro_mean,precision-micro_std,recall-micro_mean,recall-micro_std,roc-auc_mean,roc-auc_std,accuracy_mean,accuracy_std
en,title_and_10_sentences,0.6784072886985001,0.024101644542284025,0.7716417651919105,0.022576819861758222,0.6053010128486518,0.024533996552894573,0.7676390897759582,0.014418614237095723,0.11473774876467653,0.033966074282322685
fr,title_and_10_sentences,0.48214023778106196,0.039172719117783784,0.6358008831030414,0.011266826100904861,0.3893328252184128,0.04624241189832588,0.6645247576169672,0.022258694629487357,0.08061703554661302,0.016793674716052455
ge,title_and_10_sentences,0.5728177736595174,0.03454850017503419,0.7027837907599529,0.02078565048383987,0.4838191905266173,0.039928016530639404,0.6954858388710362,0.021571373303567454,0.08523280732515098,0.01697013285954532
it,title_and_10_sentences,0.5160535297739077,0.027491602536294686,0.6587920282639447,0.012116876820067563,0.4247287633001919,0.03397188051140757,0.6712059283138604,0.015755862605186743,0.06930693069306931,0.026195557535292978
po,title_and_10_sentences,0.589644692987303,0.023064138158651656,0.6815163672306529,0.08343207048369257,0.5226185017339297,0.012002454177943793,0.6933743413194607,0.014833332948576958,0.03597756410256411,0.023395652153643424
ru,title_and_10_sentences,0.37603369786624485,0.020037697968694534,0.5511680911680912,0.004445540079724138,0.2857226261708197,0.022435881208122815,0.6181300798839017,0.009856216888920693,0.08895502645502645,0.032334777158517555
