language,unit_of_analysis,f1-mico_mean,f1-mico_std,precision-micro_mean,precision-micro_std,recall-micro_mean,recall-micro_std,roc-auc_mean,roc-auc_std,accuracy_mean,accuracy_std
en,title,0.6198358581849109,0.02850335487306499,0.6988415912789333,0.03924333202845833,0.5578610769854242,0.034008293496382465,0.7316422469146363,0.015480343439094074,0.05834353325173399,0.011492511594354956
fr,title,0.4326442834226663,0.02287085840284048,0.5222071970550672,0.02130753727674931,0.36972659776596745,0.02665347914972263,0.6390271670929067,0.013411222490902729,0.04272300469483568,0.024860564263176697
ge,title,0.46761928977031947,0.014451354087895756,0.5267387371810603,0.022009403564698528,0.42184207096093446,0.031229012784216387,0.6249067744478215,0.00811784735892808,0.02279368790181181,0.019742075691472283
it,title,0.42856952756104333,0.03316941988388743,0.49656603919017966,0.043077535692993385,0.38060875632304203,0.05484095851305008,0.61660866693285,0.01783341400276841,0.023102310231023104,0.02061055445015973
po,title,0.517478880362098,0.013156350551198523,0.5520709276004513,0.08804502597115264,0.4962492729802747,0.043159774965592444,0.6346130574562735,0.01296431758511529,0.01546474358974359,0.015385241373482432
ru,title,0.23654594311154817,0.065293003952921,0.3701931596668439,0.058165347431788396,0.17619259511727134,0.06261722354764959,0.5564393842003854,0.02564818865481512,0.046957671957671955,0.026920101837214695
