language,unit_of_analysis,f1-mico_mean,f1-mico_std,precision-micro_mean,precision-micro_std,recall-micro_mean,recall-micro_std,roc-auc_mean,roc-auc_std,accuracy_mean,accuracy_std
en,title_and_5_sentences,0.6599229663513989,0.017965840289489707,0.7440413839520598,0.03608129716859954,0.5931651638568658,0.006403142827112714,0.7564392171402611,0.009565477118275715,0.09532390407543406,0.02939764286019427
fr,title_and_5_sentences,0.4952190064464581,0.020381150925742345,0.5762555364152572,0.01743787843044851,0.43458007831188367,0.026814110258129298,0.6737315614804663,0.014023387818444671,0.07565392354124749,0.04294537539979238
ge,title_and_5_sentences,0.5679146342834925,0.034780839494360845,0.6548407616357341,0.025496318376974005,0.503272269366497,0.05175267599190408,0.6915436768838799,0.02387840512556646,0.03974284044418469,0.009621319481679911
it,title_and_5_sentences,0.5110283547250295,0.0468482688697228,0.589869489143934,0.054888696268426816,0.45108564451421596,0.043604335447704486,0.6665024718293867,0.028981160865267492,0.0594059405940594,0.009900990099009901
po,title_and_5_sentences,0.6073108328331575,0.025506478974667672,0.6525903910625658,0.05370043192551904,0.5688918361958981,0.004816028301148887,0.7014670162699886,0.011632196990474278,0.056810897435897435,0.03588124563354776
ru,title_and_5_sentences,0.3788865664085843,0.04378309821608333,0.5429535293876379,0.059675321219578845,0.2914063091721579,0.03766639380264117,0.6195784575841657,0.022681715681599247,0.12028769841269842,0.023057474290429494
