language,unit_of_analysis,f1-mico_mean,f1-mico_std,precision-micro_mean,precision-micro_std,recall-micro_mean,recall-micro_std,roc-auc_mean,roc-auc_std,accuracy_mean,accuracy_std
en,title,0.6550467401541479,0.01322076128399677,0.7091035691319227,0.026193390123119137,0.6089158198790074,0.009581952060084735,0.7555409516384183,0.0051912480977847385,0.08757196609093794,0.015640478487712585
fr,title,0.5201497185100931,0.02572444135851662,0.5898302734002532,0.05041680349330634,0.4665872970479967,0.026816667174219686,0.6889911446199181,0.01581327688198006,0.08068410462776661,0.02226137882892326
ge,title,0.5322994648506437,0.03615361298285548,0.6161060783252751,0.035755328518341685,0.4715233832748668,0.05961373444202385,0.6683661617553618,0.025479807566765673,0.04539255795830899,0.009448163376568978
it,title,0.4917719992600613,0.026442754889361524,0.5783111918693188,0.031053612487765968,0.4277751613465899,0.023221055464758486,0.6553623144555741,0.01592553645878087,0.0495049504950495,0.017149017896721557
po,title,0.5453268376559449,0.01873889044592675,0.6060502469962793,0.07892797083025338,0.5004813714222193,0.027053606723463092,0.6597244510878651,0.010884180815932312,0.031009615384615385,0.015746568495348383
ru,title,0.4481911308181103,0.043596050549404484,0.5342211800545134,0.07389056986191875,0.38678236006968114,0.028574040901716197,0.6574154822842061,0.0181644991606629,0.12582671957671956,0.042291130643351854
