language,unit_of_analysis,f1-mico_mean,f1-mico_std,precision-micro_mean,precision-micro_std,recall-micro_mean,recall-micro_std,roc-auc_mean,roc-auc_std,accuracy_mean,accuracy_std
en,raw_text,0.7067557134506384,0.0027369006551191326,0.763344228196257,0.01413558950192201,0.6581941488945251,0.009919102500398224,0.7891664177627491,0.0034473092759227976,0.11477174849267872,0.013303947737479999
fr,raw_text,0.5954374393899321,0.015373570591275199,0.6518043174723414,0.032338970246955714,0.5485112774979232,0.010728082937822753,0.7344798613251203,0.006779319505836895,0.09953051643192488,0.014308839125349712
ge,raw_text,0.6756833317928272,0.017374574923537358,0.7432219681389117,0.006614451844973969,0.6198542095413161,0.029108946669974767,0.7611164179964768,0.011280502514166504,0.1137736216637444,0.02692506671274613
it,raw_text,0.6344472877831823,0.030564604961238556,0.6919796467311264,0.062157959039906126,0.5870828536542823,0.013775371856378397,0.7435815251368374,0.019067431593399436,0.09570957095709572,0.04884042437936878
po,raw_text,0.6812947978050365,0.027025187846220065,0.7234071159665446,0.030499387205701885,0.6439805318934443,0.027330559404784235,0.75468078237833,0.01323371728436792,0.10817307692307693,0.01466937144460804
ru,raw_text,0.5977195365922795,0.012966113649681092,0.675224292615597,0.05146805266708425,0.5380342851372163,0.020602538680308615,0.7411585402154937,0.008680673296586191,0.19370039682539683,0.02360324206940006
