language,unit_of_analysis,f1_micro,precision_micro,recall_micro,f1_macro,precision_macro,recall_macro,accuracy
en,raw_text,0.7112299465240641,0.7846607669616519,0.6503667481662592,0.5715957847241223,0.6506391857964352,0.5206539625660923,0.11650485436893204
fr,raw_text,0.5493562231759656,0.5981308411214953,0.5079365079365079,0.4256514821024499,0.5163775917065391,0.41455163883735313,0.047619047619047616
ge,raw_text,0.6174496644295302,0.7301587301587301,0.5348837209302325,0.45162447059821537,0.5787157287157286,0.42940026887948163,0.0
it,raw_text,0.6066838046272494,0.7421383647798742,0.5130434782608696,0.46778797977459324,0.6164653553729185,0.4188371763371763,0.26666666666666666
po,raw_text,0.6253521126760563,0.7449664429530202,0.5388349514563107,0.5165453512540453,0.6661641929499071,0.47413376097586635,0.10256410256410256
ru,raw_text,0.4635761589403974,0.5384615384615384,0.4069767441860465,0.32404008945879514,0.3576280512204882,0.31258503401360543,0.21052631578947367
