language,unit_of_analysis,f1-mico_mean,f1-mico_std,precision-micro_mean,precision-micro_std,recall-micro_mean,recall-micro_std,roc-auc_mean,roc-auc_std,accuracy_mean,accuracy_std
en,raw_text,0.6025595700666596,0.024015041474113638,0.6823358824490727,0.03949598116834526,0.5398102954475531,0.01831313012962289,0.7207231694098274,0.012824109705790931,0.05834353325173399,0.015319056537825355
fr,raw_text,0.39422046724723464,0.016730384282360976,0.5386200716845878,0.017673240530242017,0.31118333581251195,0.01875065939192543,0.6194376356321808,0.010012306568879826,0.047283702213279676,0.04095197673450226
ge,raw_text,0.47784838696957177,0.01891121978592527,0.6136887267785289,0.0288159181937691,0.39206125615943993,0.025968481717362244,0.6395201069756449,0.006147273481172324,0.03993765828949932,0.026528868982183082
it,raw_text,0.42022230415441,0.029044135399012412,0.5627624919893547,0.04603165413374899,0.3353596720739578,0.021081106121667633,0.6187378370832581,0.016312650926348263,0.0429042904290429,0.02061055445015973
po,raw_text,0.4969622654001757,0.025079672012013728,0.5974012420410726,0.029504967626875475,0.42569752066068833,0.02529417131761404,0.6338572481136432,0.022741568890498248,0.04110576923076923,0.03192955651339386
ru,raw_text,0.17210254108177217,0.038301059322111745,0.29064454064454065,0.026779083513078086,0.1255443838521548,0.042571657865688256,0.5304749810566104,0.012356123797585517,0.041749338624338626,0.03242690959061575
