language,unit_of_analysis,f1-mico_mean,f1-mico_std,precision-micro_mean,precision-micro_std,recall-micro_mean,recall-micro_std,roc-auc_mean,roc-auc_std,accuracy_mean,accuracy_std
en,title_and_10_sentences,0.6239418508141678,0.02063293706078198,0.6995051762823818,0.03507660853615705,0.5633197207952763,0.012799264541969429,0.7343041854712192,0.00986765199744953,0.07392674191939798,0.003256232129915158
fr,title_and_10_sentences,0.38744245183269577,0.04062053494257125,0.5373580544668877,0.012772003535832036,0.3040920951830799,0.044792570927536426,0.6167557903144895,0.021151401927083396,0.03789403085177733,0.008079249640685722
ge,title_and_10_sentences,0.5043547110055423,0.024975667115447738,0.6158533054271608,0.027969489642923794,0.42722346386255755,0.02497035821827795,0.6530261963580437,0.0119716080904755,0.03399571400740308,0.016803250915580107
it,title_and_10_sentences,0.4548280326572273,0.02974055333179026,0.5808281775086753,0.06290374139029298,0.37428170242455955,0.013653590049367044,0.6357333113274937,0.019274771936025246,0.0429042904290429,0.011432678597814374
po,title_and_10_sentences,0.5393973887390989,0.022470840885031887,0.6046905025046289,0.051949639042797306,0.4880703542411587,0.015734256743362717,0.6564801832524273,0.009837226960429792,0.01546474358974359,0.015385241373482432
ru,title_and_10_sentences,0.2487285323630705,0.0141447953567039,0.4201671275211451,0.06122916196536681,0.17894133908960086,0.022574254869315014,0.5623067795134015,0.002391080469985276,0.07333002645502645,0.009399550732367668
