language,unit_of_analysis,f1_micro,precision_micro,recall_micro,f1_macro,precision_macro,recall_macro,accuracy
en,raw_text,0.6915629322268326,0.7961783439490446,0.6112469437652812,0.547272093512914,0.6762062421529181,0.47698774173188113,0.08737864077669903
fr,raw_text,0.4834123222748815,0.6,0.40476190476190477,0.3444769516198088,0.4414792232682547,0.3218104514533086,0.07142857142857142
ge,raw_text,0.6357615894039734,0.7384615384615385,0.5581395348837209,0.44251307298814846,0.5053819374639807,0.43317467337812315,0.02857142857142857
it,raw_text,0.5751978891820579,0.7315436241610739,0.47391304347826085,0.3986444605685495,0.574172332440966,0.3508592424663853,0.16666666666666666
po,raw_text,0.603988603988604,0.7310344827586207,0.5145631067961165,0.4745033815335358,0.624370775423407,0.41864448208433164,0.05128205128205128
ru,raw_text,0.37398373983739835,0.6216216216216216,0.26744186046511625,0.2576723193264547,0.4317872603586889,0.21989795918367344,0.13157894736842105
