language,unit_of_analysis,f1_micro,precision_micro,recall_micro,f1_macro,precision_macro,recall_macro,accuracy
en,title_and_5_sentences,0.7067039106145251,0.8241042345276873,0.6185819070904646,0.48301491030345456,0.6167438797969039,0.41909983283300345,0.1553398058252427
fr,title_and_5_sentences,0.44131455399061037,0.5402298850574713,0.373015873015873,0.2916146957526268,0.4567519990452321,0.2727628324056895,0.023809523809523808
ge,title_and_5_sentences,0.5850340136054422,0.7049180327868853,0.5,0.39304809973937055,0.43467908902691516,0.3828391005525017,0.0
it,title_and_5_sentences,0.5269121813031162,0.7560975609756098,0.4043478260869565,0.37461752277420485,0.5699811782420477,0.3129176168461883,0.18333333333333332
po,title_and_5_sentences,0.618384401114206,0.7254901960784313,0.5388349514563107,0.4451182524087901,0.6185519549574848,0.4168897518521578,0.05128205128205128
ru,title_and_5_sentences,0.3770491803278688,0.6388888888888888,0.26744186046511625,0.2826907047403942,0.47023809523809523,0.2246598639455782,0.07894736842105263
