language,unit_of_analysis,f1_micro,precision_micro,recall_micro,f1_macro,precision_macro,recall_macro,accuracy
en,raw_text,0.6981132075471698,0.7777777777777778,0.6332518337408313,0.5640089259262563,0.6707980862104527,0.5047554182856056,0.08737864077669903
fr,raw_text,0.4931506849315069,0.5806451612903226,0.42857142857142855,0.3545757838018928,0.43056993132181104,0.339973716759431,0.07142857142857142
ge,raw_text,0.6474358974358975,0.7214285714285714,0.5872093023255814,0.4939270853242163,0.6040089049974057,0.4862859178759223,0.02857142857142857
it,raw_text,0.606516290726817,0.7159763313609467,0.5260869565217391,0.4425112516678485,0.6157247763130116,0.3968361609433038,0.13333333333333333
po,raw_text,0.6229508196721311,0.7125,0.5533980582524272,0.49661123868724993,0.637825864611579,0.4528442735209653,0.05128205128205128
ru,raw_text,0.37499999999999994,0.5714285714285714,0.27906976744186046,0.25582354153782727,0.402295918367347,0.225,0.10526315789473684
