language,unit_of_analysis,f1_micro,precision_micro,recall_micro,f1_macro,precision_macro,recall_macro,accuracy
en,title_and_10_sentences,0.6928471248246845,0.8125,0.6039119804400978,0.5108035821923006,0.6950134855543617,0.43308634281810493,0.0970873786407767
fr,title_and_10_sentences,0.3939393939393939,0.5416666666666666,0.30952380952380953,0.22653336433387583,0.26194951664876476,0.22214285714285714,0.07142857142857142
ge,title_and_10_sentences,0.5934065934065934,0.801980198019802,0.47093023255813954,0.35603165109744056,0.46113945578231297,0.3326219961668878,0.05714285714285714
it,title_and_10_sentences,0.5369863013698629,0.725925925925926,0.4260869565217391,0.35417534078824403,0.45367185082201517,0.31311123936123936,0.15
po,title_and_10_sentences,0.5857988165680473,0.75,0.48058252427184467,0.43890147381575506,0.5817725278517204,0.384944848384698,0.05128205128205128
ru,title_and_10_sentences,0.3870967741935483,0.631578947368421,0.27906976744186046,0.27826414492015517,0.44305555555555554,0.2417517006802721,0.15789473684210525
