language,unit_of_analysis,f1-mico_mean,f1-mico_std,precision-micro_mean,precision-micro_std,recall-micro_mean,recall-micro_std,roc-auc_mean,roc-auc_std,accuracy_mean,accuracy_std
en,title,0.6432551673433123,0.029809618534333625,0.683669160168376,0.03571330828723688,0.6073767611597937,0.025001482659202826,0.7487878663046542,0.016340933215489316,0.08176934584523324,0.02696568563159922
fr,title,0.3806104133869656,0.030940845729056237,0.4859787399361868,0.060706334968550026,0.3132994520638345,0.017316471017004634,0.6112870748815017,0.014426412923199582,0.052112676056338035,0.008025622002084154
ge,title,0.49884725486530024,0.058385158882471554,0.5461276209706919,0.055996029828630806,0.45922900319591564,0.05943361895579429,0.6428639559111113,0.044242075004862734,0.02824858757062147,0.025890258163592316
it,title,0.3984783302540312,0.03167478069155504,0.47418850283583325,0.02386501293751203,0.3438972614686901,0.03499333254622274,0.6006122507341276,0.016880128503996644,0.019801980198019802,0.009900990099009901
po,title,0.4690537357710863,0.010374704711553044,0.49990752815817224,0.0541893140285364,0.44558957435990365,0.025677406395909295,0.5996345526219936,0.00594131812595848,0.010256410256410256,0.0177646236673731
ru,title,0.15605616887342777,0.02135932789021456,0.3160605231975207,0.06391618492167749,0.10392682218687671,0.013172476045989708,0.5277047097027817,0.007945731273276817,0.026124338624338623,0.00887790592503889
