language,unit_of_analysis,f1-mico_mean,f1-mico_std,precision-micro_mean,precision-micro_std,recall-micro_mean,recall-micro_std,roc-auc_mean,roc-auc_std,accuracy_mean,accuracy_std
en,title_and_5_sentences,0.7053835283842372,0.008066662923653984,0.7616513708788238,0.01647806961917291,0.657013649537372,0.00933356412578619,0.7882877697920844,0.004187853628481883,0.1206083684663856,0.018647768592587755
fr,title_and_5_sentences,0.5628736179659634,0.022667138404465662,0.618512116358712,0.04629868914893508,0.5217197047519121,0.06027576665576009,0.7166738734836363,0.02115060341334542,0.07102615694164989,0.013686530230746377
ge,title_and_5_sentences,0.6070764006417141,0.014284010934781677,0.6601167854721254,0.017289113125083914,0.5621307785037329,0.017843896140242944,0.7151137893321927,0.014561487971948972,0.06799142801480616,0.04462306893347487
it,title_and_5_sentences,0.5442060728257103,0.024125075003467188,0.6103446668313869,0.035147776301957416,0.4922996685853829,0.03518612267649832,0.6870293619230533,0.01625538372192806,0.0627062706270627,0.03477113449786383
po,title_and_5_sentences,0.6250148783606105,0.012799846190405346,0.6808488520597583,0.03162605459839153,0.5783085671635781,0.014250378539938682,0.7146630947011734,0.0010516805764411658,0.07211538461538462,0.01749365903717332
ru,title_and_5_sentences,0.5119363156091667,0.024003751141721937,0.5994735591651974,0.05582079051934946,0.4481273195485875,0.01924777563276665,0.6921621913777062,0.009969945447527771,0.13128306878306878,0.08014648702110228
