language,unit_of_analysis,f1_micro,precision_micro,recall_micro,f1_macro,precision_macro,recall_macro,accuracy
en,title_and_10_sentences,0.7206477732793521,0.8042168674698795,0.6528117359413202,0.5547047096138316,0.6460157078803054,0.49878954205788956,0.10679611650485436
fr,title_and_10_sentences,0.504424778761062,0.57,0.4523809523809524,0.4071304271765101,0.5565201080432173,0.37438930117501545,0.047619047619047616
ge,title_and_10_sentences,0.6279863481228669,0.7603305785123967,0.5348837209302325,0.49369028790209823,0.588222172927142,0.4472657484046251,0.02857142857142857
it,title_and_10_sentences,0.5929919137466308,0.7801418439716312,0.4782608695652174,0.4467944275662064,0.6958537697028746,0.3724328290399718,0.16666666666666666
po,title_and_10_sentences,0.6647887323943662,0.7919463087248322,0.5728155339805825,0.5996372958622113,0.754072083378806,0.514671731776995,0.07692307692307693
ru,title_and_10_sentences,0.48951048951048953,0.6140350877192983,0.4069767441860465,0.3518401968401968,0.4039508110936682,0.3259353741496599,0.18421052631578946
