language,unit_of_analysis,f1_micro,precision_micro,recall_micro,f1_macro,precision_macro,recall_macro,accuracy
en,title_and_5_sentences,0.7193460490463215,0.8123076923076923,0.6454767726161369,0.5782644379645322,0.7461351814679987,0.5041569801496568,0.14563106796116504
fr,title_and_5_sentences,0.530232558139535,0.6404494382022472,0.4523809523809524,0.3959647495361781,0.5479133758766664,0.35444650587507726,0.07142857142857142
ge,title_and_5_sentences,0.5656565656565656,0.672,0.4883720930232558,0.4544478961422482,0.5475992591485928,0.42493479848079574,0.02857142857142857
it,title_and_5_sentences,0.5904255319148937,0.7602739726027398,0.4826086956521739,0.4120413403309726,0.5637615955473099,0.3561117120045691,0.15
po,title_and_5_sentences,0.6757493188010899,0.7701863354037267,0.6019417475728155,0.5847840836212929,0.7317096418987176,0.5221173876249063,0.02564102564102564
ru,title_and_5_sentences,0.5106382978723404,0.6545454545454545,0.4186046511627907,0.3460164835164835,0.39732142857142855,0.32338435374149654,0.21052631578947367
