language,unit_of_analysis,f1_micro,precision_micro,recall_micro,f1_macro,precision_macro,recall_macro,accuracy
en,raw_text,0.7072538860103627,0.7520661157024794,0.6674816625916871,0.5778645366563613,0.6592387443494083,0.5323056509655011,0.0970873786407767
fr,raw_text,0.5677966101694915,0.6090909090909091,0.5317460317460317,0.5005510981822195,0.5858490924280398,0.46824984539270254,0.07142857142857142
ge,raw_text,0.64576802507837,0.7006802721088435,0.5988372093023255,0.5302425553144261,0.6099811136575842,0.5214921933685754,0.0
it,raw_text,0.6388206388206388,0.7344632768361582,0.5652173913043478,0.5099194243235109,0.6821877527234668,0.45917679364107933,0.18333333333333332
po,raw_text,0.6719576719576719,0.7383720930232558,0.616504854368932,0.5982717232418704,0.709181322019668,0.5462926797513263,0.05128205128205128
ru,raw_text,0.5194805194805194,0.5882352941176471,0.46511627906976744,0.406325620186359,0.4929499072356215,0.3678571428571429,0.18421052631578946
