language,unit_of_analysis,f1_micro,precision_micro,recall_micro,f1_macro,precision_macro,recall_macro,accuracy
en,raw_text,0.7013333333333334,0.7712609970674487,0.6430317848410758,0.6014317032543633,0.7136725629933954,0.5382534720589964,0.1262135922330097
fr,raw_text,0.5221238938053098,0.59,0.46825396825396826,0.4582400131801046,0.5897451963241437,0.4096675943104514,0.07142857142857142
ge,raw_text,0.6445182724252491,0.751937984496124,0.563953488372093,0.5052479108233413,0.5872346711964137,0.4790752265818608,0.0
it,raw_text,0.6266318537859008,0.7843137254901961,0.5217391304347826,0.4961360855212916,0.7135413500451095,0.41864498043069476,0.21666666666666667
po,raw_text,0.6519337016574586,0.7564102564102564,0.5728155339805825,0.5843985455122805,0.7287054215625643,0.5148990107636724,0.02564102564102564
ru,raw_text,0.5068493150684932,0.6166666666666667,0.43023255813953487,0.3898883488397554,0.49687217544360396,0.34064625850340136,0.18421052631578946
