language,unit_of_analysis,f1_micro,precision_micro,recall_micro,f1_macro,precision_macro,recall_macro,accuracy
en,title_and_5_sentences,0.6850828729281768,0.7873015873015873,0.6063569682151589,0.5179804396138011,0.6315079182441581,0.4560467434616902,0.11650485436893204
fr,title_and_5_sentences,0.48148148148148145,0.5777777777777777,0.4126984126984127,0.38708777525055366,0.5391134085213033,0.34215367965367965,0.09523809523809523
ge,title_and_5_sentences,0.6123778501628664,0.6962962962962963,0.5465116279069767,0.44371666223658346,0.5280218905744116,0.4249197047239949,0.0
it,title_and_5_sentences,0.5478036175710596,0.6751592356687898,0.4608695652173913,0.40837190706395665,0.4870990517419088,0.36442310210167356,0.13333333333333333
po,title_and_5_sentences,0.5913978494623656,0.6626506024096386,0.5339805825242718,0.5136377787748222,0.590453675749476,0.48954923522592697,0.02564102564102564
ru,title_and_5_sentences,0.46896551724137925,0.576271186440678,0.3953488372093023,0.3442803228517514,0.4000425170068027,0.32338435374149654,0.15789473684210525
