language,unit_of_analysis,f1_micro,precision_micro,recall_micro,f1_macro,precision_macro,recall_macro,accuracy
en,raw_text,0.6841415465268675,0.7372881355932204,0.6381418092909535,0.522956566121031,0.5743191437446642,0.49371729043978096,0.0970873786407767
fr,raw_text,0.5371900826446282,0.5603448275862069,0.5158730158730159,0.44419364705880443,0.5623301952359891,0.42088280766852193,0.07142857142857142
ge,raw_text,0.6686567164179105,0.6871165644171779,0.6511627906976745,0.5499378119065926,0.5915113499699965,0.556937862864444,0.02857142857142857
it,raw_text,0.6501240694789082,0.7572254335260116,0.5695652173913044,0.5424261733969084,0.6677721088435374,0.4836865620794192,0.16666666666666666
po,raw_text,0.7107438016528926,0.821656050955414,0.6262135922330098,0.626235780793287,0.7771728300455009,0.5488680805410129,0.05128205128205128
ru,raw_text,0.5189873417721519,0.5694444444444444,0.47674418604651164,0.3752173752173752,0.40204081632653066,0.3600340136054422,0.18421052631578946
