language,unit_of_analysis,f1-mico_mean,f1-mico_std,precision-micro_mean,precision-micro_std,recall-micro_mean,recall-micro_std,roc-auc_mean,roc-auc_std,accuracy_mean,accuracy_std
en,title_and_10_sentences,0.7104759736521827,0.014812306608913701,0.7614820628157579,0.015555724354719917,0.6658968813915177,0.014898411630625923,0.7921321796502099,0.0076339914440601885,0.1050478262840564,0.015354193345734336
fr,title_and_10_sentences,0.5759061269247593,0.015566547803360179,0.5899001192605844,0.01278307438375406,0.5626400103087872,0.019344023447543237,0.72807775143706,0.01182590250573456,0.09456740442655935,0.042547601697150765
ge,title_and_10_sentences,0.6366747073670901,0.01923033340053519,0.6641418707874404,0.023368639177465154,0.6117490573523661,0.023305156751109796,0.7356176691161948,0.016707050020636376,0.09088252483927528,0.00939226106369854
it,title_and_10_sentences,0.5936074440876445,0.02303209465832074,0.6191137470607362,0.034934192895222135,0.5719019710448282,0.04019227570233657,0.7192592667698635,0.01618883378920155,0.06600660066006601,0.01512401219457373
po,title_and_10_sentences,0.6548447274139976,0.03142208202765097,0.6820802473156018,0.07055321848101995,0.6331256417694845,0.03259405503435267,0.7353250515153912,0.01764550751581121,0.06698717948717949,0.02340182607214335
ru,title_and_10_sentences,0.5595000178828057,0.039932192919101224,0.5887431307540328,0.058293652624192054,0.5343829685172562,0.03810687827551485,0.727331275743856,0.024046867975697682,0.14690806878306878,0.0565619397883185
