language,unit_of_analysis,f1-mico_mean,f1-mico_std,precision-micro_mean,precision-micro_std,recall-micro_mean,recall-micro_std,roc-auc_mean,roc-auc_std,accuracy_mean,accuracy_std
en,title_and_5_sentences,0.6173315026647924,0.004507626033751303,0.7146463996843065,0.03811990648275495,0.5443701725491022,0.015490378563719313,0.7294943074626824,0.0014920709391672816,0.060292850990525414,0.022051263573106418
fr,title_and_5_sentences,0.40490825171676237,0.029839714638206182,0.5332912395384539,0.04481581293895796,0.3312973909526749,0.055629015227498274,0.6257671471567838,0.01779757174429713,0.018913480885311872,0.0163807906938009
ge,title_and_5_sentences,0.5228455443442179,0.01572432002158444,0.6147523903760421,0.030789991067502912,0.4550186055760593,0.008027103700225644,0.6624828591992232,0.01111088914090548,0.022598870056497175,0.025890258163592323
it,title_and_5_sentences,0.4223312612145281,0.028520827036213923,0.5406513264439486,0.04435933972862185,0.3468512122797837,0.024165203217300042,0.6180052518651402,0.017114198322436047,0.036303630363036306,0.02061055445015973
po,title_and_5_sentences,0.5380249274483117,0.018584153623378032,0.5994520415305732,0.05229508905195071,0.4894156420332108,0.009571966519396926,0.6549006604589928,0.009005936307640808,0.020592948717948718,0.023474555683683368
ru,title_and_5_sentences,0.19776946119898756,0.03185696850389765,0.416989092180908,0.08511946003367737,0.13302847837612664,0.03028600544893279,0.5455672542748664,0.009226528628499557,0.057539682539682536,0.017831289154780446
