language,unit_of_analysis,f1_micro,precision_micro,recall_micro,f1_macro,precision_macro,recall_macro,accuracy
en,title_and_5_sentences,0.7311827956989247,0.8119402985074626,0.6650366748166259,0.6057327407606834,0.7691222064527371,0.5376879265345955,0.1553398058252427
fr,title_and_5_sentences,0.48868778280542985,0.5684210526315789,0.42857142857142855,0.3737637362637363,0.5327083464964933,0.34989177489177486,0.023809523809523808
ge,title_and_5_sentences,0.5980707395498391,0.6690647482014388,0.5406976744186046,0.49302762200227634,0.5596363160648875,0.4726029885638465,0.02857142857142857
it,title_and_5_sentences,0.5964010282776349,0.7295597484276729,0.5043478260869565,0.4333234355267646,0.6447284599458512,0.38116593830879547,0.13333333333333333
po,title_and_5_sentences,0.6522911051212937,0.7333333333333333,0.587378640776699,0.5505745327968764,0.709032634032634,0.5012286272624619,0.05128205128205128
ru,title_and_5_sentences,0.4460431654676259,0.5849056603773585,0.36046511627906974,0.3271609343037914,0.36428571428571427,0.30238095238095236,0.13157894736842105
