language,unit_of_analysis,f1_micro,precision_micro,recall_micro,f1_macro,precision_macro,recall_macro,accuracy
en,raw_text,0.7108753315649867,0.7768115942028986,0.6552567237163814,0.5701384679262067,0.6642738285585307,0.5196764516110474,0.11650485436893204
fr,raw_text,0.5090909090909091,0.5957446808510638,0.4444444444444444,0.39874699579726236,0.5428804855275444,0.3587322201607916,0.07142857142857142
ge,raw_text,0.6928104575163397,0.7910447761194029,0.6162790697674418,0.5835618718851416,0.7019973898650368,0.5322564113364644,0.08571428571428572
it,raw_text,0.654911838790932,0.7784431137724551,0.5652173913043478,0.5026631057033702,0.6515894944934496,0.4483671667600239,0.18333333333333332
po,raw_text,0.7267904509283819,0.8011695906432749,0.6650485436893204,0.6611839536329331,0.7566725788585584,0.6024280856987624,0.05128205128205128
ru,raw_text,0.5285714285714286,0.6851851851851852,0.43023255813953487,0.38227442492148367,0.44761904761904764,0.36207482993197276,0.18421052631578946
