language,unit_of_analysis,f1_micro,precision_micro,recall_micro,f1_macro,precision_macro,recall_macro,accuracy
en,title_and_10_sentences,0.7175989085948158,0.8117283950617284,0.6430317848410758,0.5411898740130824,0.6689857458139137,0.47514838413368465,0.1262135922330097
fr,title_and_10_sentences,0.49781659388646293,0.5533980582524272,0.4523809523809524,0.3714173499311748,0.48207357105521637,0.3529669140383426,0.023809523809523808
ge,title_and_10_sentences,0.6470588235294119,0.7388059701492538,0.5755813953488372,0.5222182447520408,0.6769739189382046,0.48153524567721817,0.02857142857142857
it,title_and_10_sentences,0.5989847715736042,0.7195121951219512,0.5130434782608696,0.4712334167380283,0.6326690240975956,0.4239641864641865,0.08333333333333333
po,title_and_10_sentences,0.6574585635359116,0.7628205128205128,0.5776699029126213,0.583822907980406,0.716196372640472,0.5101614237892433,0.07692307692307693
ru,title_and_10_sentences,0.5205479452054794,0.6333333333333333,0.4418604651162791,0.4191495012923584,0.5272108843537415,0.3793367346938776,0.21052631578947367
