language,fold,unit_of_analysis,f1-mico,precision-micro,recall-micro,roc-auc,accuracy
en,fold_3,title_and_first_sentence_each_paragraph,0.6989507667473769,0.7401709401709402,0.6620795107033639,0.7873615944321417,0.10526315789473684
fr,fold_3,title_and_first_sentence_each_paragraph,0.5882352941176471,0.6358381502890174,0.5472636815920398,0.7339092682865621,0.07042253521126761
ge,fold_3,title_and_first_sentence_each_paragraph,0.6586826347305389,0.7081545064377682,0.6156716417910447,0.7453358208955223,0.08620689655172414
it,fold_3,title_and_first_sentence_each_paragraph,0.6023738872403561,0.6789297658862876,0.5413333333333333,0.7244683991017002,0.06930693069306931
po,fold_3,title_and_first_sentence_each_paragraph,0.6770186335403726,0.7242524916943521,0.6355685131195336,0.7427390486031664,0.03125
ru,fold_3,title_and_first_sentence_each_paragraph,0.5107913669064749,0.5298507462686567,0.4930555555555556,0.7046394799054374,0.109375
