language,unit_of_analysis,f1-mico_mean,f1-mico_std,precision-micro_mean,precision-micro_std,recall-micro_mean,recall-micro_std,roc-auc_mean,roc-auc_std,accuracy_mean,accuracy_std
en,title,0.661695614207527,0.024679592173046327,0.7313274856486203,0.014652934667554329,0.6043614427928349,0.031344698353444084,0.7587390181544845,0.014674662628072615,0.0700621061698173,0.03657538550865206
fr,title,0.5029751150635132,0.022901454609377984,0.596826267239703,0.05976901080801244,0.4366193238703751,0.02548257903353884,0.6776804272595652,0.013978254311896405,0.08054996646545942,0.035878322712690744
ge,title,0.5494986954176849,0.011543519297610069,0.6166333336996297,0.007686206845087445,0.4960260373405491,0.02260202433866228,0.6780984917993749,0.011186637129970846,0.04548996688096629,0.025990664733641148
it,title,0.48155421365323164,0.007624089105586933,0.5688843861857963,0.01052746905882707,0.41753689167974883,0.008663774602702906,0.6494516011386722,0.0049053973396601,0.036303630363036306,0.011432678597814374
po,title,0.5515790641685075,0.035871013751903796,0.605410447761194,0.061106086698366854,0.5074953571407304,0.023727116320640774,0.6630901778766981,0.02053407037914988,0.04639423076923077,0.015390248367797227
ru,title,0.3955220767552304,0.04242405019182053,0.5495777226553272,0.05801008502922776,0.30972285339190586,0.039441068668546,0.6278502048713448,0.018032932337751113,0.11011904761904762,0.03237248499673674
