language,unit_of_analysis,f1-mico_mean,f1-mico_std,precision-micro_mean,precision-micro_std,recall-micro_mean,recall-micro_std,roc-auc_mean,roc-auc_std,accuracy_mean,accuracy_std
en,title_and_10_sentences,0.7031888798037612,,0.7557117750439367,,0.6574923547400612,,0.7888036486343983,,0.14619883040935672,
fr,title_and_10_sentences,0.5504087193460491,,0.608433734939759,,0.5024875621890548,,0.7102601745371503,,0.11267605633802817,
ge,title_and_10_sentences,0.628,,0.6767241379310345,,0.585820895522388,,0.7239766242317821,,0.05172413793103448,
it,title_and_10_sentences,0.5942028985507245,,0.6507936507936508,,0.5466666666666666,,0.7203978184151427,,0.07920792079207921,
po,title_and_10_sentences,0.6801242236024845,,0.7275747508305648,,0.6384839650145773,,0.7451009336826954,,0.046875,
ru,title_and_10_sentences,0.5693430656934306,,0.6,,0.5416666666666666,,0.7362588652482268,,0.125,
