language,unit_of_analysis,f1-mico_mean,f1-mico_std,precision-micro_mean,precision-micro_std,recall-micro_mean,recall-micro_std,roc-auc_mean,roc-auc_std,accuracy_mean,accuracy_std
en,raw_text,0.6944413770991883,0.02005498594429528,0.7447239171311045,0.021942469547818155,0.6507648513102507,0.02418868449154623,0.7817815933108431,0.012014317403946054,0.10310984178793237,0.0032142482838759794
fr,raw_text,0.6018348874729963,0.007125251771520432,0.6675320152152225,0.045102607797105496,0.5512202064579497,0.04082197472240103,0.7380438683631789,0.012888989701355404,0.1090543259557344,0.009061030381648051
ge,raw_text,0.6470175979431771,0.01898919670677216,0.6998979762969588,0.020619810264528513,0.6036341528159547,0.046950503363376736,0.7422573326453161,0.009662698205760363,0.07403078121955971,0.035991773088678916
it,raw_text,0.607501604698234,0.032632773743796535,0.6799018708895624,0.04748175272421314,0.5503110064538635,0.03841319593258358,0.7262113528506967,0.022368159430219824,0.09570957095709572,0.024916945330926563
po,raw_text,0.6751966664753847,0.02147939876436709,0.7113330356830199,0.020052969397682516,0.6446433923938494,0.04958438469077402,0.7489960931005526,0.00621223853307561,0.11322115384615385,0.03135245777810427
ru,raw_text,0.5545938773248592,0.02356145553087031,0.6601538897387954,0.06626678211943617,0.4794680501906132,0.007758913752064942,0.7132683372374066,0.006172538983058763,0.1310350529100529,0.025224974153408845
