language,unit_of_analysis,f1-mico_mean,f1-mico_std,precision-micro_mean,precision-micro_std,recall-micro_mean,recall-micro_std,roc-auc_mean,roc-auc_std,accuracy_mean,accuracy_std
en,title_and_10_sentences,0.7037741882686511,0.013580773388697245,0.7594712059805729,0.014789309660188462,0.655697315415602,0.012899849331712048,0.7872304757537502,0.007148380608829031,0.11673239947413754,0.02924240160092504
fr,title_and_10_sentences,0.568358983958959,0.023435638900098886,0.6296175321870806,0.018358103473346404,0.5184163473983723,0.031791926748348305,0.7178815505980998,0.015177023364382876,0.10422535211267604,0.02949385244488303
ge,title_and_10_sentences,0.6308178575087787,0.00429535492702093,0.6845925540144607,0.018645388537491765,0.5851346632680925,0.006505496203259382,0.7310620845358411,0.006648306762654003,0.05113968439509059,0.01695670844699475
it,title_and_10_sentences,0.5701504047783151,0.031508849582531244,0.6436258635747126,0.03279173231350469,0.51211494854352,0.03487620141236157,0.7028993174725459,0.02082382365739723,0.09240924092409242,0.022865357195628745
po,title_and_10_sentences,0.6593556721106023,0.017986127687331665,0.7035267122118342,0.021123720586979654,0.6204245256400113,0.015871135561591386,0.7385186768061346,0.0069689634506677365,0.07203525641025642,0.0317383562219377
ru,title_and_10_sentences,0.5370920089628625,0.028195183719381536,0.6322222222222222,0.04220759980716135,0.4718782347446287,0.06360110616119555,0.7065515349405874,0.026280137000217807,0.16782407407407407,0.04963375380183232
