language,unit_of_analysis,f1-mico_mean,f1-mico_std,precision-micro_mean,precision-micro_std,recall-micro_mean,recall-micro_std,roc-auc_mean,roc-auc_std,accuracy_mean,accuracy_std
en,title_and_5_sentences,0.7016114656178516,0.018238864535196596,0.7437589948536428,0.028541266650600704,0.6645221421380078,0.022326795816388904,0.7874121873966886,0.009814583869112261,0.11083911328709369,0.025022691098257412
fr,title_and_5_sentences,0.5605205033012496,0.005095381921664149,0.6232258366377748,0.04121076175603833,0.5109324594560952,0.019982447161449805,0.7133416708259331,0.004956041812553484,0.09000670690811535,0.007434691595198398
ge,title_and_5_sentences,0.6133587452705441,0.018530809324973176,0.6826295097643342,0.0017487364810739692,0.557360691284446,0.030292177539156005,0.7199575220134689,0.016044122081967236,0.05669199298655756,0.025636133488557925
it,title_and_5_sentences,0.5510757987398192,0.023000875561968462,0.6226954087813845,0.02985019901973505,0.49462811791383227,0.02496155620050578,0.6910924086235499,0.014649137476068063,0.052805280528052806,0.015124012194573733
po,title_and_5_sentences,0.6283147362857946,0.027719972633952282,0.6696239537646212,0.06862867853646697,0.5944235212113943,0.015916365313632615,0.7164648345497614,0.014593161004168543,0.056810897435897435,0.01845855427937986
ru,title_and_5_sentences,0.5108478971202436,0.03462936413768973,0.6097191623549297,0.039272625074372465,0.4412964856472014,0.04604008632462759,0.6905068599659597,0.023755599925373835,0.14153439153439154,0.03262359476265108
