language,unit_of_analysis,f1_micro,precision_micro,recall_micro,f1_macro,precision_macro,recall_macro,accuracy
en,title,0.6179310344827585,0.7088607594936709,0.5476772616136919,0.41326872909571744,0.5013001675310349,0.36492254232885085,0.0970873786407767
fr,title,0.32286995515695066,0.3711340206185567,0.2857142857142857,0.19886479045458913,0.2737158631568569,0.19603277674706243,0.0
ge,title,0.4749163879598663,0.5590551181102362,0.4127906976744186,0.27944046173947107,0.33314399885828455,0.2845919946926139,0.0
it,title,0.39690721649484534,0.4873417721518987,0.3347826086956522,0.26667417673102617,0.3535367504952192,0.24311463311463308,0.03333333333333333
po,title,0.5169712793733682,0.559322033898305,0.48058252427184467,0.4065813032703107,0.4752909455790158,0.3952876071297124,0.0
ru,title,0.1592920353982301,0.3333333333333333,0.10465116279069768,0.059126984126984125,0.07463369963369962,0.05442176870748299,0.0
