language,unit_of_analysis,f1_micro,precision_micro,recall_micro,f1_macro,precision_macro,recall_macro,accuracy
en,title_and_10_sentences,0.6726804123711341,0.7111716621253406,0.6381418092909535,0.5196586402724835,0.6095278248174455,0.48826382322354894,0.08737864077669903
fr,title_and_10_sentences,0.44933920704845814,0.504950495049505,0.40476190476190477,0.30387161857750095,0.35420380273321445,0.29597711811997524,0.0
ge,title_and_10_sentences,0.5806451612903226,0.6521739130434783,0.5232558139534884,0.4546145294884791,0.5914863313746552,0.42484730734399034,0.08571428571428572
it,title_and_10_sentences,0.5432692307692308,0.6075268817204301,0.49130434782608695,0.4002958514042624,0.46105143811910726,0.3801857303643018,0.06666666666666667
po,title_and_10_sentences,0.6206896551724138,0.6842105263157895,0.5679611650485437,0.529975970105632,0.6553047676960719,0.4842200406110181,0.02564102564102564
ru,title_and_10_sentences,0.09523809523809525,0.2631578947368421,0.05813953488372093,0.060772560772560776,0.17261904761904762,0.039115646258503396,0.02631578947368421
