language,unit_of_analysis,f1_micro,precision_micro,recall_micro,f1_macro,precision_macro,recall_macro,accuracy
en,title_and_5_sentences,0.6897435897435897,0.7250673854447439,0.6577017114914425,0.5705448798400471,0.66707619806816,0.5540659179130704,0.11650485436893204
fr,title_and_5_sentences,0.4,0.48314606741573035,0.3412698412698413,0.23063157081014224,0.3068534431316387,0.2319016697588126,0.047619047619047616
ge,title_and_5_sentences,0.48464163822525597,0.5867768595041323,0.4127906976744186,0.3426562654047126,0.38069430201230287,0.32563358676804055,0.02857142857142857
it,title_and_5_sentences,0.5134474327628362,0.5865921787709497,0.45652173913043476,0.38339819461051217,0.49019768501192645,0.35365700312128884,0.03333333333333333
po,title_and_5_sentences,0.5913461538461537,0.5857142857142857,0.5970873786407767,0.48165862357631156,0.4748569411244418,0.5246308829015597,0.0
ru,title_and_5_sentences,0.07476635514018691,0.19047619047619047,0.046511627906976744,0.03888888888888888,0.09761904761904762,0.03188775510204082,0.0
