language,unit_of_analysis,f1_micro,precision_micro,recall_micro,f1_macro,precision_macro,recall_macro,accuracy
en,raw_text,0.6907630522088354,0.7633136094674556,0.6308068459657702,0.5612230235520942,0.7173089133798853,0.49574611561069126,0.11650485436893204
fr,raw_text,0.4953271028037383,0.6022727272727273,0.42063492063492064,0.35126326715116774,0.48290868304136764,0.32504792826221396,0.047619047619047616
ge,raw_text,0.6182965299684543,0.6758620689655173,0.5697674418604651,0.491615034047586,0.5642988538195305,0.47333538678629344,0.0
it,raw_text,0.5247524752475248,0.6091954022988506,0.4608695652173913,0.44178575427386857,0.5836720939040158,0.38492717046288477,0.06666666666666667
po,raw_text,0.5898876404494382,0.7,0.5097087378640777,0.48301912647049683,0.6070071010860484,0.4228955881211521,0.02564102564102564
ru,raw_text,0.21487603305785122,0.37142857142857144,0.1511627906976744,0.12779143371248636,0.266504329004329,0.11079931972789114,0.02631578947368421
