language,unit_of_analysis,f1_micro,precision_micro,recall_micro,f1_macro,precision_macro,recall_macro,accuracy
en,raw_text,0.6962190352020861,0.7458100558659218,0.6528117359413202,0.5771081721973699,0.6948879615410873,0.5241017052995494,0.11650485436893204
fr,raw_text,0.49122807017543857,0.5490196078431373,0.4444444444444444,0.32846242765597605,0.34357414018238874,0.3432529375386518,0.047619047619047616
ge,raw_text,0.6158536585365855,0.6474358974358975,0.5872093023255814,0.49825700711226534,0.5266847674742411,0.5015450039664989,0.0
it,raw_text,0.5352112676056339,0.5816326530612245,0.4956521739130435,0.45988722600082005,0.5642421422663358,0.42455734330734324,0.05
po,raw_text,0.652956298200514,0.6939890710382514,0.616504854368932,0.5465766799713483,0.607821939964797,0.5187515804997008,0.05128205128205128
ru,raw_text,0.2170542635658915,0.32558139534883723,0.16279069767441862,0.12563358676804054,0.22420634920634921,0.11972789115646257,0.02631578947368421
