language,unit_of_analysis,f1-mico_mean,f1-mico_std,precision-micro_mean,precision-micro_std,recall-micro_mean,recall-micro_std,roc-auc_mean,roc-auc_std,accuracy_mean,accuracy_std
en,raw_text,0.7002317766342813,0.017692549752776395,0.761466764989965,0.02357651604684399,0.6484378937005782,0.021702267523369106,0.784366262839672,0.00951483033443594,0.11284509723922209,0.0035774112474303505
fr,raw_text,0.5677441496081919,0.02564901756273026,0.6406099885627144,0.045528646924390855,0.5110997725941583,0.031319470024996465,0.716109784690303,0.01834155102507043,0.07102615694164989,0.03757407225302445
ge,raw_text,0.6581141349899008,0.0013055258244004352,0.7300181723079217,0.02682541879278452,0.599954425615278,0.019196846047819217,0.749628593153073,0.004786646665783404,0.12497564776933567,0.009251796711007444
it,raw_text,0.6121948637465718,0.04787987862230361,0.6561729886299562,0.05903465495717426,0.5739321472178616,0.039979471411518884,0.7301987921153718,0.03124315832908726,0.09570957095709572,0.03477113449786383
po,raw_text,0.6698338198966988,0.012217330942110553,0.7244588237636496,0.05386315618809296,0.624977632888997,0.018951907354864555,0.7472824948159879,0.002324198344416246,0.07219551282051283,0.009248822157005353
ru,raw_text,0.5349720454983613,0.012050402884764187,0.6264959789549954,0.025672254773211826,0.4684588729834129,0.03366931812649437,0.7045463740629264,0.014174294723296826,0.16790674603174605,0.0612850183149207
