language,fold,unit_of_analysis,f1-mico,precision-micro,recall-micro,roc-auc,accuracy
en,fold_3,title_and_first_sentence_each_paragraph,0.6745164003364171,0.7495327102803738,0.6131498470948012,0.768069176420964,0.0935672514619883
fr,fold_3,title_and_first_sentence_each_paragraph,0.532258064516129,0.5789473684210527,0.4925373134328358,0.7008714309913233,0.08450704225352113
ge,fold_3,title_and_first_sentence_each_paragraph,0.5933609958506225,0.6682242990654206,0.5335820895522388,0.701533691834943,0.06896551724137931
it,fold_3,title_and_first_sentence_each_paragraph,0.5477888730385163,0.588957055214724,0.512,0.691514918190568,0.04950495049504951
po,fold_3,title_and_first_sentence_each_paragraph,0.6486486486486486,0.6687306501547987,0.6297376093294461,0.718123777539949,0.03125
ru,fold_3,title_and_first_sentence_each_paragraph,0.36923076923076925,0.41379310344827586,0.3333333333333333,0.6214539007092198,0.0625
