language,fold,unit_of_analysis,f1-mico,precision-micro,recall-micro,roc-auc,accuracy
en,fold_3,title_and_first_sentence_each_paragraph,0.6717817561807332,0.7591522157996147,0.6024464831804281,0.765303701360329,0.08771929824561403
fr,fold_3,title_and_first_sentence_each_paragraph,0.536986301369863,0.5975609756097561,0.48756218905472637,0.7021669709460264,0.08450704225352113
ge,fold_3,title_and_first_sentence_each_paragraph,0.578616352201258,0.6602870813397129,0.5149253731343284,0.6922053336259877,0.06896551724137931
it,fold_3,title_and_first_sentence_each_paragraph,0.5496402877697841,0.596875,0.5093333333333333,0.6925877446262431,0.04950495049504951
po,fold_3,title_and_first_sentence_each_paragraph,0.6391437308868502,0.6720257234726688,0.60932944606414,0.7124404915673322,0.03125
ru,fold_3,title_and_first_sentence_each_paragraph,0.3671875,0.41964285714285715,0.3263888888888889,0.6199763593380615,0.0625
