language,unit_of_analysis,f1-mico_mean,f1-mico_std,precision-micro_mean,precision-micro_std,recall-micro_mean,recall-micro_std,roc-auc_mean,roc-auc_std,accuracy_mean,accuracy_std
en,raw_text,0.6961883789064406,0.001354531786099197,0.7740865745621027,0.02686457704232223,0.6332915063236513,0.01809175735148675,0.7804126901029118,0.004606432229857738,0.11669839974613534,0.017154348165054956
fr,raw_text,0.5604477705646731,0.02461080994573349,0.6397277853134392,0.015348256814993442,0.5005475914860879,0.04554190963029204,0.7119777366327762,0.019465133921349187,0.11395036887994635,0.04336113353437049
ge,raw_text,0.6279032570915496,0.018202828151046697,0.6778350572505779,0.022841784674435556,0.5861719800309982,0.03694835566973545,0.7296488266203189,0.009860583102073437,0.06273134619131113,0.03626595806450226
it,raw_text,0.5779114301787597,0.009854439995670651,0.6643305019072626,0.05214204037468717,0.5132947845804988,0.017369008680813723,0.7070180294776135,0.005856294135948431,0.0594059405940594,0.03429803579344312
po,raw_text,0.638727577751968,0.03242358667364193,0.6548081934708093,0.0339499375449815,0.6245366711443425,0.04473080821259124,0.7217649049453495,0.013458519091273572,0.04639423076923077,0.015390248367797227
ru,raw_text,0.412953679360307,0.03783515042975507,0.5151754746257758,0.05131582501028629,0.3499725441187609,0.059642627709442564,0.6394869966114047,0.021213338884731085,0.06266534391534391,0.031002314813051168
