language,unit_of_analysis,f1-mico_mean,f1-mico_std,precision-micro_mean,precision-micro_std,recall-micro_mean,recall-micro_std,roc-auc_mean,roc-auc_std,accuracy_mean,accuracy_std
en,title_and_5_sentences,0.6779661016949151,,0.7604562737642585,,0.6116207951070336,,0.7696035010017926,,0.08187134502923976,
fr,title_and_5_sentences,0.48450704225352115,,0.5584415584415584,,0.42786069651741293,,0.6710551906294505,,0.07042253521126761,
ge,title_and_5_sentences,0.537313432835821,,0.6268656716417911,,0.4701492537313433,,0.6661408033362598,,0.06896551724137931,
it,title_and_5_sentences,0.5177514792899409,,0.5813953488372093,,0.4666666666666667,,0.6726981071543151,,0.0594059405940594,
po,title_and_5_sentences,0.6183574879227054,,0.6906474820143885,,0.5597667638483965,,0.7021256965715762,,0.03125,
ru,title_and_5_sentences,0.3805668016194332,,0.4563106796116505,,0.3263888888888889,,0.6259604018912529,,0.09375,
