language,unit_of_analysis,f1-mico_mean,f1-mico_std,precision-micro_mean,precision-micro_std,recall-micro_mean,recall-micro_std,roc-auc_mean,roc-auc_std,accuracy_mean,accuracy_std
en,raw_text,0.6984367850527794,0.011634761696271853,0.7466298328094291,0.018536027140693148,0.657236430522986,0.03337340142761795,0.784688293849969,0.010044822853918722,0.10310984178793237,0.0032142482838759794
fr,raw_text,0.5822648083623693,0.009666273906867027,0.643796632431545,0.026477833704982943,0.5332147636107711,0.03361579945111136,0.7263589620048111,0.011500059693081342,0.1090543259557344,0.02997380193084277
ge,raw_text,0.629438806942673,0.03573116893676341,0.6492731619069164,0.031462572454994876,0.612634380212154,0.055576277906199074,0.7310740686997598,0.02961242544505966,0.0967270601987142,0.07090158544686559
it,raw_text,0.5889307907894322,0.02601679116169545,0.6453591918862333,0.06124195223057676,0.5434210709924995,0.015337430322716408,0.7144281697926905,0.01643090602390179,0.07920792079207921,0.0396039603960396
po,raw_text,0.633706831575894,0.021560985582898148,0.6575664621676891,0.08085038481078398,0.6168896004773163,0.026813297042063547,0.719074241888736,0.011696711315032214,0.0515224358974359,0.023425272122513472
ru,raw_text,0.5325065737301223,0.015643596216841634,0.5904894163833576,0.016717459194371072,0.4853836880506956,0.024271407323527158,0.7068448315145206,0.008217835073443085,0.13640873015873015,0.04936201296427354
