language,unit_of_analysis,f1-mico_mean,f1-mico_std,precision-micro_mean,precision-micro_std,recall-micro_mean,recall-micro_std,roc-auc_mean,roc-auc_std,accuracy_mean,accuracy_std
en,title_and_5_sentences,0.7021117005411193,0.006149590001524033,0.7475762751679188,0.008787269234430543,0.6621624056512051,0.01749458159489975,0.7871387777710911,0.005256708461223068,0.09531257083276667,0.0085998031386059
fr,title_and_5_sentences,0.5655859604556926,0.01298761632912925,0.6250382298880508,0.028483350902600138,0.5185315277732448,0.03729333224718389,0.7166336766475091,0.013290633219203542,0.10409121395036887,0.03488862431847254
ge,title_and_5_sentences,0.6160943261297837,0.028369202903823238,0.6673832926146658,0.0382842001369482,0.5722063806041507,0.020970291578216997,0.7210447217081449,0.02029918971781978,0.09078511591661796,0.025383950375502676
it,title_and_5_sentences,0.5521459332885752,0.017683920649574855,0.6137389320468317,0.018201266511282378,0.5024826443397873,0.02845705566656431,0.6919468994114285,0.011897961447608836,0.07590759075907591,0.0057163392989071785
po,title_and_5_sentences,0.6325182251820783,0.02660549301366272,0.6739763971642602,0.04310432439311679,0.5970107330939379,0.031594109263604175,0.7193860957725552,0.02047771733372093,0.07203525641025642,0.0317383562219377
ru,title_and_5_sentences,0.530111616710685,0.0323726085082644,0.6053287466735899,0.055250963218464566,0.4776423918806332,0.06466884163183216,0.7053602307900656,0.024884433165965045,0.13649140211640212,0.06100098167588453
