language,unit_of_analysis,f1-mico_mean,f1-mico_std,precision-micro_mean,precision-micro_std,recall-micro_mean,recall-micro_std,roc-auc_mean,roc-auc_std,accuracy_mean,accuracy_std
en,raw_text,0.705802904135079,0.01655010332778889,0.7386145853856831,0.023470038025330913,0.6758837295014363,0.012787170808866719,0.7910226979729756,0.008900812545666251,0.10704247699351738,0.018144273748969552
fr,raw_text,0.570188523354433,0.036149228500704504,0.6134631682435475,0.011912174603576443,0.5361717181411281,0.07176952699093975,0.722304539763365,0.03128016560642569,0.07598926894701542,0.04614201680491985
ge,raw_text,0.6452735745248148,0.020181260533926496,0.6385950389102478,0.06358737323604029,0.6572213992192414,0.035578472050577015,0.7402047516215148,0.02201473046817191,0.05094486654977596,0.03375229712150712
it,raw_text,0.5897775118927866,0.019841190669377024,0.6140304598565018,0.04537795471481679,0.5701990231990232,0.0401577676574373,0.7172605898625067,0.014502810042918009,0.06930693069306931,0.02619555753529298
po,raw_text,0.6739039377502909,0.02118204203719497,0.6301694067170295,0.014561782264222474,0.725848553602941,0.05028479831676869,0.7448101535150252,0.003533098870673219,0.061778846153846156,0.015025480700006647
ru,raw_text,0.5334727839833827,0.021503479847289703,0.5917345419954115,0.08035353657316083,0.4957096240753364,0.07003175036220131,0.7104152067154968,0.02368746530016556,0.14169973544973544,0.06411885889257661
