language,unit_of_analysis,f1-mico_mean,f1-mico_std,precision-micro_mean,precision-micro_std,recall-micro_mean,recall-micro_std,roc-auc_mean,roc-auc_std,accuracy_mean,accuracy_std
en,raw_text,0.6995764137144244,0.01298925483547825,0.7563799196883076,0.021469901209894924,0.6508047220841796,0.008479371461878086,0.7842899654857326,0.0063933275434367425,0.11091844598576545,0.010462657876991376
fr,raw_text,0.5470852897928996,0.03398472575297763,0.6317272388697878,0.022288468783913516,0.4867879528939554,0.06967958636899171,0.7047392851829528,0.028051127318137716,0.09027498323272971,0.05045663630989008
ge,raw_text,0.635434079881931,0.020144403941102413,0.6653855894643536,0.07084088307912864,0.6130042558292873,0.03344895720804995,0.7325993760035482,0.02017732327957942,0.06799142801480616,0.04462306893347487
it,raw_text,0.5760532135239305,0.029475852376789693,0.6314780336436386,0.05104290211366961,0.5321571603000174,0.04460281291564421,0.7073123426549176,0.019484851725428413,0.0759075907590759,0.028581696494535926
po,raw_text,0.6645906343599484,0.028056013631724767,0.6429582484106405,0.025423255813213492,0.6899882967902239,0.05649720536352569,0.738226265433207,0.01145418227221872,0.07211538461538462,0.01749365903717332
ru,raw_text,0.5270378939957848,0.018278003480606077,0.6085899610489774,0.07369844379171973,0.47445025120553413,0.07220180509592142,0.703842048400869,0.02499511315696091,0.16782407407407407,0.056532569298245273
