language,unit_of_analysis,f1-mico_mean,f1-mico_std,precision-micro_mean,precision-micro_std,recall-micro_mean,recall-micro_std,roc-auc_mean,roc-auc_std,accuracy_mean,accuracy_std
en,title,0.6388703184277129,0.029095539208320028,0.7006033833020956,0.04398661225907637,0.587308033522854,0.018399644264062816,0.7445756883012001,0.015219620485414885,0.06998277347114557,0.02648359120660931
fr,title,0.4708091546696198,0.03020699476459936,0.5749050004369153,0.0437576494981259,0.3987074952372305,0.02266025382671566,0.659342132785398,0.013554073111555561,0.05224681421864521,0.029899649127439865
ge,title,0.5143929248047526,0.004703527346708545,0.5963027159481843,0.011804320495005752,0.4525940768523038,0.013889079700646177,0.656582241392235,0.006243558174678605,0.03974284044418469,0.009621319481679911
it,title,0.4674405380441747,0.03210057909425534,0.576733771407202,0.027276192535142338,0.3932932147217862,0.03402892153385653,0.642685880448922,0.017493816309644267,0.052805280528052806,0.02286535719562874
po,title,0.5302964392285493,0.015077631988094642,0.6026942092515862,0.04945273319061014,0.47581019985634004,0.02739385454877443,0.651483119040175,0.012363144326683206,0.005128205128205128,0.00888231183368655
ru,title,0.36022835391462577,0.01672248674732764,0.4927536231884058,0.021013923342439844,0.28443661794036706,0.020880179718777824,0.6111532022415624,0.010558489553752262,0.06283068783068783,0.015635494502064688
