language,unit_of_analysis,f1_micro,precision_micro,recall_micro,f1_macro,precision_macro,recall_macro,accuracy
en,title_and_5_sentences,0.721311475409836,0.8173374613003096,0.6454767726161369,0.5849317467808964,0.7125491146864061,0.5178699051713538,0.1553398058252427
fr,title_and_5_sentences,0.4890829694323144,0.5436893203883495,0.4444444444444444,0.3851304746919938,0.5177885189163385,0.3665893630179344,0.07142857142857142
ge,title_and_5_sentences,0.608695652173913,0.7165354330708661,0.5290697674418605,0.47552569187442184,0.6334900966835664,0.4319633993948456,0.02857142857142857
it,title_and_5_sentences,0.6077922077922078,0.7548387096774194,0.508695652173913,0.4347173402219549,0.5821445750017179,0.38030148619434334,0.16666666666666666
po,title_and_5_sentences,0.6578947368421052,0.7183908045977011,0.6067961165048543,0.5944253026943735,0.6791015661357277,0.5514784401062596,0.02564102564102564
ru,title_and_5_sentences,0.463768115942029,0.6153846153846154,0.37209302325581395,0.31198037686031865,0.3561324529811924,0.3004251700680272,0.21052631578947367
