language,unit_of_analysis,f1_micro,precision_micro,recall_micro,f1_macro,precision_macro,recall_macro,accuracy
en,raw_text,0.7004103967168263,0.7950310559006211,0.6259168704156479,0.5321867889654245,0.6354200785848444,0.47542377408725844,0.0970873786407767
fr,raw_text,0.49781659388646293,0.5533980582524272,0.4523809523809524,0.4416270506818127,0.5350893387658094,0.41674551638837354,0.09523809523809523
ge,raw_text,0.6449511400651465,0.7333333333333333,0.5755813953488372,0.5067133594552853,0.6236705754562897,0.47359873774071026,0.02857142857142857
it,raw_text,0.654911838790932,0.7784431137724551,0.5652173913043478,0.5020957845411378,0.5970891704097,0.4544250497821926,0.2
po,raw_text,0.6666666666666666,0.7792207792207793,0.5825242718446602,0.5525910418753138,0.6721015200338508,0.4915896446911484,0.07692307692307693
ru,raw_text,0.5526315789473685,0.6363636363636364,0.4883720930232558,0.4279027649369264,0.550556586270872,0.4136054421768708,0.21052631578947367
