language,unit_of_analysis,f1_micro,precision_micro,recall_micro,f1_macro,precision_macro,recall_macro,accuracy
en,title_and_10_sentences,0.6357243319268636,0.7483443708609272,0.5525672371638142,0.482438011506916,0.7198090085503825,0.40582035004358186,0.0970873786407767
fr,title_and_10_sentences,0.3964757709251101,0.44554455445544555,0.35714285714285715,0.2580446966514693,0.2794526901669759,0.2637615955473098,0.07142857142857142
ge,title_and_10_sentences,0.48591549295774644,0.6160714285714286,0.4011627906976744,0.33801167798020665,0.41547772955335976,0.30867917342375545,0.0
it,title_and_10_sentences,0.48108108108108105,0.6357142857142857,0.3869565217391304,0.33763963346724424,0.4466533466533467,0.2921740209240209,0.05
po,title_and_10_sentences,0.49853372434017595,0.6296296296296297,0.41262135922330095,0.3768685232986743,0.5098187696131083,0.3287900382825195,0.05128205128205128
ru,title_and_10_sentences,0.2518518518518518,0.3469387755102041,0.19767441860465115,0.17316993783159199,0.24268707482993196,0.15119047619047618,0.05263157894736842
