language,unit_of_analysis,f1_micro,precision_micro,recall_micro,f1_macro,precision_macro,recall_macro,accuracy
en,title_and_5_sentences,0.6417704011065006,0.7388535031847133,0.5672371638141809,0.45108723873251655,0.5376868667047238,0.3998565773509205,0.10679611650485436
fr,title_and_5_sentences,0.37837837837837834,0.4375,0.3333333333333333,0.24648526077097505,0.31855439881755665,0.2501978973407545,0.047619047619047616
ge,title_and_5_sentences,0.4684014869888475,0.6494845360824743,0.36627906976744184,0.31230519985772087,0.4231683171900563,0.27870771115463727,0.0
it,title_and_5_sentences,0.4497354497354497,0.5743243243243243,0.3695652173913043,0.2959052150423047,0.365295763134109,0.26813092259520827,0.03333333333333333
po,title_and_5_sentences,0.5027932960893854,0.5921052631578947,0.4368932038834951,0.34797842224749953,0.3844136022707451,0.33941584731058416,0.0
ru,title_and_5_sentences,0.20338983050847456,0.375,0.13953488372093023,0.1083447871902384,0.15873015873015875,0.09183673469387754,0.05263157894736842
