language,unit_of_analysis,f1_micro,precision_micro,recall_micro,f1_macro,precision_macro,recall_macro,accuracy
en,raw_text,0.6305818673883626,0.706060606060606,0.5696821515892421,0.43893422417529976,0.5998322301893732,0.3883600606645068,0.019417475728155338
fr,raw_text,0.33830845771144274,0.4533333333333333,0.2698412698412698,0.17858635617256305,0.21407089151450057,0.16967996289424864,0.0
ge,raw_text,0.45185185185185184,0.6224489795918368,0.3546511627906977,0.28672337641069595,0.3464372928658643,0.26697134994348615,0.0
it,raw_text,0.45000000000000007,0.6230769230769231,0.3521739130434783,0.3217591947005024,0.4355709183440276,0.26567836567836567,0.06666666666666667
po,raw_text,0.4883720930232558,0.6086956521739131,0.4077669902912621,0.3835659857011558,0.5534858516224975,0.3295046745234715,0.02564102564102564
ru,raw_text,0.125,0.19047619047619047,0.09302325581395349,0.07421150278293134,0.1251700680272109,0.06079931972789115,0.02631578947368421
