language,unit_of_analysis,f1_micro,precision_micro,recall_micro,f1_macro,precision_macro,recall_macro,accuracy
en,title_and_10_sentences,0.6824512534818943,0.7928802588996764,0.5990220048899756,0.49851776738649095,0.6653944142346253,0.42594275957455136,0.07766990291262135
fr,title_and_10_sentences,0.4285714285714286,0.5357142857142857,0.35714285714285715,0.27549474335188623,0.3700257136347362,0.2689502164502164,0.047619047619047616
ge,title_and_10_sentences,0.5777777777777778,0.7959183673469388,0.45348837209302323,0.3801363423543875,0.45154061624649866,0.34111960573703165,0.05714285714285714
it,title_and_10_sentences,0.5399449035812672,0.7368421052631579,0.4260869565217391,0.35488913714720166,0.49403850950220624,0.3083441333441334,0.18333333333333332
po,title_and_10_sentences,0.603448275862069,0.7394366197183099,0.5097087378640777,0.4286774628879892,0.5349667006621893,0.3907615880360241,0.02564102564102564
ru,title_and_10_sentences,0.380952380952381,0.6,0.27906976744186046,0.25422307161437596,0.37103174603174605,0.21386054421768708,0.15789473684210525
