language,unit_of_analysis,f1_micro,precision_micro,recall_micro,f1_macro,precision_macro,recall_macro,accuracy
en,title_and_5_sentences,0.6685236768802227,0.7766990291262136,0.58679706601467,0.4514124666165367,0.578118667858064,0.3910917034028619,0.11650485436893204
fr,title_and_5_sentences,0.45161290322580644,0.5384615384615384,0.3888888888888889,0.29862021975809355,0.4501004947433519,0.2843846629560915,0.07142857142857142
ge,title_and_5_sentences,0.5674740484429066,0.7008547008547008,0.47674418604651164,0.373018187867812,0.4602406991504736,0.35825312581172825,0.0
it,title_and_5_sentences,0.5546666666666666,0.7172413793103448,0.45217391304347826,0.3616434825344529,0.5063457553446431,0.32391087712516287,0.11666666666666667
po,title_and_5_sentences,0.5852272727272728,0.7054794520547946,0.5,0.4375886096101002,0.6834915084915085,0.39093297053823367,0.02564102564102564
ru,title_and_5_sentences,0.39682539682539686,0.625,0.29069767441860467,0.27796195033037135,0.3515151515151515,0.2574829931972789,0.07894736842105263
