language,unit_of_analysis,f1_micro,precision_micro,recall_micro,f1_macro,precision_macro,recall_macro,accuracy
en,raw_text,0.6908150064683053,0.7335164835164835,0.6528117359413202,0.5767198079086227,0.6461244850631039,0.5466798785481964,0.05825242718446602
fr,raw_text,0.5021645021645021,0.5523809523809524,0.4603174603174603,0.3964645044734033,0.4798768225238813,0.3723036487322201,0.07142857142857142
ge,raw_text,0.64576802507837,0.7006802721088435,0.5988372093023255,0.5032924858079657,0.5626379419391361,0.5114551961135332,0.02857142857142857
it,raw_text,0.6034912718204489,0.7076023391812866,0.5260869565217391,0.4752955012670527,0.658188737006471,0.41821591500162925,0.11666666666666667
po,raw_text,0.6344086021505376,0.7108433734939759,0.5728155339805825,0.5549831747076137,0.6596686052043195,0.5315738772505689,0.05128205128205128
ru,raw_text,0.5316455696202531,0.5833333333333334,0.4883720930232558,0.39870640563917864,0.4498299319727891,0.37363945578231295,0.23684210526315788
