language,unit_of_analysis,f1_micro,precision_micro,recall_micro,f1_macro,precision_macro,recall_macro,accuracy
en,raw_text,0.6791443850267379,0.7492625368731564,0.6210268948655256,0.5543657280493508,0.6494644065110056,0.5076696172971077,0.05825242718446602
fr,raw_text,0.4909090909090909,0.574468085106383,0.42857142857142855,0.3794608060684595,0.4785793105120836,0.35051793444650586,0.09523809523809523
ge,raw_text,0.6363636363636364,0.7205882352941176,0.5697674418604651,0.48863365462541847,0.5630394450270226,0.4905518347689953,0.02857142857142857
it,raw_text,0.5729166666666667,0.7142857142857143,0.4782608695652174,0.42793417943204226,0.5820095310851615,0.36996091603234454,0.11666666666666667
po,raw_text,0.6067415730337079,0.72,0.5242718446601942,0.5327067744544427,0.6674952721536573,0.4770361530699877,0.05128205128205128
ru,raw_text,0.5298013245033113,0.6153846153846154,0.46511627906976744,0.3892575211902943,0.4845238095238095,0.3542517006802721,0.21052631578947367
