language,unit_of_analysis,f1_micro,precision_micro,recall_micro,f1_macro,precision_macro,recall_macro,accuracy
en,title_and_10_sentences,0.6985391766268261,0.7645348837209303,0.6430317848410758,0.51819260289801,0.5885791878524437,0.4758017918539616,0.06796116504854369
fr,title_and_10_sentences,0.44933920704845814,0.504950495049505,0.40476190476190477,0.34500231569197093,0.42468671679198,0.34082714904143474,0.07142857142857142
ge,title_and_10_sentences,0.6028368794326241,0.7727272727272727,0.4941860465116279,0.48124591355488366,0.6623089316698338,0.4147724001881455,0.05714285714285714
it,title_and_10_sentences,0.572944297082228,0.7346938775510204,0.46956521739130436,0.4059634545914678,0.4776383437387495,0.3682885398956827,0.13333333333333333
po,title_and_10_sentences,0.6069364161849711,0.75,0.5097087378640777,0.5348093064122873,0.6661044127796046,0.46769198846266524,0.05128205128205128
ru,title_and_10_sentences,0.48684210526315785,0.5606060606060606,0.43023255813953487,0.37707860922146635,0.4332417582417583,0.3659013605442177,0.07894736842105263
