language,unit_of_analysis,f1-mico_mean,f1-mico_std,precision-micro_mean,precision-micro_std,recall-micro_mean,recall-micro_std,roc-auc_mean,roc-auc_std,accuracy_mean,accuracy_std
en,title_and_first_sentence_each_paragraph,0.6985413290113452,,0.743103448275862,,0.6590214067278287,,0.7866946114098915,,0.1286549707602339,
fr,title_and_first_sentence_each_paragraph,0.586734693877551,,0.6020942408376964,,0.572139303482587,,0.7381503579203603,,0.07042253521126761,
ge,title_and_first_sentence_each_paragraph,0.6370967741935485,,0.6929824561403509,,0.5895522388059702,,0.7304378841088675,,0.08620689655172414,
it,title_and_first_sentence_each_paragraph,0.5793304221251818,,0.6378205128205128,,0.5306666666666666,,0.7109541225537375,,0.06930693069306931,
po,title_and_first_sentence_each_paragraph,0.6772655007949127,,0.7447552447552448,,0.6209912536443148,,0.7444920101856295,,0.046875,
ru,title_and_first_sentence_each_paragraph,0.5555555555555556,,0.5952380952380952,,0.5208333333333334,,0.7265070921985817,,0.15625,
