language,fold,unit_of_analysis,f1-mico,precision-micro,recall-micro,roc-auc,accuracy
en,fold_3,title_and_5_sentences,0.7057877813504824,0.7440677966101695,0.6712538226299695,0.7922361067172836,0.0935672514619883
fr,fold_3,title_and_5_sentences,0.5796344647519582,0.6098901098901099,0.5522388059701493,0.7313526942839398,0.14084507042253522
ge,fold_3,title_and_5_sentences,0.6067864271457085,0.6523605150214592,0.5671641791044776,0.709133560140474,0.06896551724137931
it,fold_3,title_and_5_sentences,0.5609065155807365,0.5981873111782477,0.528,0.6999961501443697,0.07920792079207921
po,fold_3,title_and_5_sentences,0.6506410256410257,0.7224199288256228,0.5918367346938775,0.7253939550503746,0.046875
ru,fold_3,title_and_5_sentences,0.5384615384615385,0.5422535211267606,0.5347222222222222,0.7241430260047282,0.09375
