language,fold,unit_of_analysis,f1-mico,precision-micro,recall-micro,roc-auc,accuracy
en,fold_3,title_and_first_paragraph,0.7020602218700476,0.7286184210526315,0.6773700305810397,0.7912712221870716,0.12280701754385964
fr,fold_3,title_and_first_paragraph,0.5706521739130433,0.6287425149700598,0.5223880597014925,0.7221019743652481,0.11267605633802817
ge,fold_3,title_and_first_paragraph,0.610441767068273,0.6608695652173913,0.5671641791044776,0.7118909130816505,0.06896551724137931
it,fold_3,title_and_first_paragraph,0.5499276410998554,0.6012658227848101,0.5066666666666667,0.6926981071543151,0.04950495049504951
po,fold_3,title_and_first_paragraph,0.6381679389312978,0.6698717948717948,0.60932944606414,0.711536332435325,0.0625
ru,fold_3,title_and_first_paragraph,0.5692883895131086,0.6178861788617886,0.5277777777777778,0.7326388888888888,0.125
