language,unit_of_analysis,f1-mico_mean,f1-mico_std,precision-micro_mean,precision-micro_std,recall-micro_mean,recall-micro_std,roc-auc_mean,roc-auc_std,accuracy_mean,accuracy_std
en,title,0.6616972635402072,0.008162838742543033,0.7317860565038256,0.029577111589507002,0.6043260223468053,0.006245978558521048,0.7587743452333168,0.0018314328404649275,0.09727322181422549,0.00887588280083903
fr,title,0.5059914262590736,0.01887893483170073,0.5918998366902558,0.012424870359688985,0.4420059452174419,0.022392126181816664,0.6796506844395784,0.010745572187722327,0.07109322602280349,0.028577331929971247
ge,title,0.5529735491598585,0.016971095412111437,0.6220222109335,0.028174266496971804,0.498370882249681,0.022447819975779562,0.680537487480856,0.011065992669349989,0.034190531852717705,0.01738933436214125
it,title,0.49512715363943843,0.04331912911570194,0.5766612955692229,0.02786729057791649,0.4344062445491017,0.051278097649615544,0.6577172250582054,0.02468092336748611,0.0627062706270627,0.02061055445015973
po,title,0.5731671979136482,0.03289451903689074,0.6230397200861336,0.10569667395361444,0.5374647336945534,0.023071463805957627,0.6770295816544372,0.0218977455549004,0.03605769230769231,0.00874682951858666
ru,title,0.46515934151187993,0.028664745022500927,0.5656703723953588,0.02988554043921209,0.3954640990683935,0.031219842740007584,0.6652515899492574,0.013938481872631641,0.11549272486772487,0.05178386917945922
