language,unit_of_analysis,f1-mico_mean,f1-mico_std,precision-micro_mean,precision-micro_std,recall-micro_mean,recall-micro_std,roc-auc_mean,roc-auc_std,accuracy_mean,accuracy_std
en,title_and_10_sentences,0.7089226300111512,0.016775712153046074,0.7561137210868342,0.029352424207195957,0.6676113723835293,0.014422572279000121,0.7916724068001288,0.008084399761515653,0.11477174849267872,0.006340409932961008
fr,title_and_10_sentences,0.5819427007444199,0.02932941508138528,0.6172463241381997,0.011988204277222601,0.5511508397234565,0.044354230189850886,0.7292787046135444,0.023537979100321897,0.1040241448692153,0.044660303502888535
ge,title_and_10_sentences,0.6403451457729973,0.007603808520790327,0.7130528089064674,0.007831743508118976,0.5811345357739891,0.009428441773734567,0.7373492077733181,0.005822411149795885,0.0968244691213715,0.04374560862124219
it,title_and_10_sentences,0.5870509745050504,0.03209370799394186,0.6406146496007258,0.049014418656674594,0.5421008198151055,0.021153162280708526,0.7136645447787329,0.020827075737632275,0.07260726072607261,0.02491694533092657
po,title_and_10_sentences,0.6511504287399489,0.027377805614321953,0.6788866415371886,0.045628667816280215,0.6263308608282198,0.020825461091953774,0.73207061555427,0.017098959247000438,0.06682692307692308,0.038494577155934594
ru,title_and_10_sentences,0.5463009898193407,0.008220014309659938,0.5810220430910086,0.025528282408539674,0.5174707768436466,0.03469752564807097,0.719082050425544,0.013884150720206535,0.1417824074074074,0.0798674011210536
