language,unit_of_analysis,f1-mico_mean,f1-mico_std,precision-micro_mean,precision-micro_std,recall-micro_mean,recall-micro_std,roc-auc_mean,roc-auc_std,accuracy_mean,accuracy_std
en,title_and_10_sentences,0.6641391951520653,0.0017508444537111096,0.6831941567963424,0.04293052780493682,0.6491880038418562,0.037739432267975055,0.7652100131687664,0.007574105858598888,0.07397207489006755,0.023773283126091622
fr,title_and_10_sentences,0.464924454630337,0.02148425927769801,0.549326907265851,0.022941312698502962,0.4031151552060937,0.021490070435919335,0.6565013902073481,0.015124993503839402,0.07102615694164989,0.02440254853623402
ge,title_and_10_sentences,0.5474112521425734,0.02735976397597101,0.6078270443484,0.06213715567821569,0.4998370644387548,0.023371159616701505,0.6749630549318736,0.02493413829632262,0.028345996493278788,0.01948738473960165
it,title_and_10_sentences,0.5091264771652783,0.01932789279230853,0.5591746169510978,0.0272587983084002,0.4687870225013082,0.0339311261465479,0.664914322977795,0.01161158112840198,0.03300330033003301,0.01512401219457373
po,title_and_10_sentences,0.5717253752125425,0.02149072960191509,0.6078542530986678,0.050403956220943416,0.5420435046335013,0.02837478928396685,0.6744716695550945,0.006576753946329983,0.04639423076923077,0.00041635836720405555
ru,title_and_10_sentences,0.1277642498192576,0.05177332152629209,0.32097257250945777,0.01981631569623143,0.08293727435683809,0.043395819579955294,0.5232050610351244,0.013283746844313786,0.02091600529100529,0.008950361051514344
