language,unit_of_analysis,f1-mico_mean,f1-mico_std,precision-micro_mean,precision-micro_std,recall-micro_mean,recall-micro_std,roc-auc_mean,roc-auc_std,accuracy_mean,accuracy_std
en,title_and_5_sentences,0.6620243315606799,0.01475286249308802,0.6863284433049386,0.04097700767038406,0.6404789984211746,0.01089934166177051,0.7627623128873277,0.0060011503542999785,0.07585339317285461,0.015281090661250147
fr,title_and_5_sentences,0.4194883077134491,0.03439894814823309,0.5047353498984336,0.03267861023002163,0.3589953269727772,0.034083245879343166,0.6316390112003142,0.02126257780177201,0.05197853789403085,0.02906197008226212
ge,title_and_5_sentences,0.5370929108520289,0.05034931480921348,0.6010897260897261,0.031304847632321525,0.48670897758292114,0.06464332103190511,0.6703883137979818,0.035942725092276785,0.02834599649327878,0.009616880579721996
it,title_and_5_sentences,0.4844152597112357,0.012906735299839944,0.5560237084256602,0.02871167326190856,0.4294467120181406,0.007028449928411883,0.6502146263323307,0.007453580168338106,0.03300330033003301,0.01512401219457373
po,title_and_5_sentences,0.5622569107542771,0.02503620890330936,0.5880406851354519,0.07367725788255612,0.5428040573017735,0.016461561014293934,0.6660502536230135,0.014111602747137846,0.030849358974358976,0.015264580808795393
ru,title_and_5_sentences,0.11322756640461897,0.055850916106996336,0.3843537414965987,0.10815042922166425,0.07024602994268979,0.03978868142047135,0.521260996961284,0.011156543040851136,0.02099867724867725,0.018187079109050316
