language,unit_of_analysis,f1-mico_mean,f1-mico_std,precision-micro_mean,precision-micro_std,recall-micro_mean,recall-micro_std,roc-auc_mean,roc-auc_std,accuracy_mean,accuracy_std
en,raw_text,0.6644778931329302,0.020631409371495667,0.6328309214379978,0.03862440002591009,0.7004163702492369,0.00276298947971522,0.7704955084598525,0.008281079904181957,0.06616347069223445,0.013604480389855685
fr,raw_text,0.5064260864966533,0.019734684751991693,0.5640841949900639,0.023560069343008437,0.46055411454422596,0.032916712471676816,0.681854694716057,0.016283511664226123,0.06639839034205232,0.0298702978877307
ge,raw_text,0.5422710485468073,0.039650634004381125,0.6003186444362915,0.04478912837236802,0.49519304415006626,0.04202369652682571,0.6725793887897962,0.029522155331743967,0.01694915254237288,0.016949152542372885
it,raw_text,0.5329319813908188,0.012658764975395698,0.5723446147296722,0.009103933647789287,0.498640502354788,0.015514816682991919,0.6794482762429905,0.008063294727959754,0.0429042904290429,0.015124012194573731
po,raw_text,0.5872269878856619,0.017716391410838472,0.6127929942210941,0.04902078621570674,0.5652980688711351,0.008487383288932863,0.6845673263655604,0.007359253278525011,0.025801282051282053,0.009024300144423774
ru,raw_text,0.16727341231692472,0.042511883876357064,0.3180996961484766,0.062111910204799295,0.1162472544118761,0.03749898883847948,0.5314778436779551,0.012629538901548682,0.02620701058201058,0.009167645436076037
