language,unit_of_analysis,f1-mico_mean,f1-mico_std,precision-micro_mean,precision-micro_std,recall-micro_mean,recall-micro_std,roc-auc_mean,roc-auc_std,accuracy_mean,accuracy_std
en,title_and_5_sentences,0.6927470726892753,0.009156167009085963,0.7522505082825665,0.012364546730514039,0.6421309636074654,0.014006295046565448,0.779676120706121,0.005719809686221548,0.10699714402284781,0.012075361318033202
fr,title_and_5_sentences,0.5147907546015158,0.02472619117954773,0.5771509907649394,0.02499055971813546,0.46675461018605974,0.04655844857815947,0.6869568921900102,0.01852789653082208,0.05687458081824279,0.00046466822469989726
ge,title_and_5_sentences,0.5951389289965517,0.0046261076970202765,0.6675920913764245,0.010472897020535195,0.5369492659098846,0.005952994207444916,0.7075416418018508,0.006360250678680314,0.07929086304305474,0.042344993072957346
it,title_and_5_sentences,0.528198680483849,0.018718294482738623,0.6091038704104474,0.029700941330959917,0.4671597767312053,0.02728605011158669,0.677196751669712,0.01301262577342584,0.0561056105610561,0.005716339298907183
po,title_and_5_sentences,0.6156938988592902,0.022136263654821485,0.6784728585572478,0.05910871033411223,0.5651313257805519,0.00748816737868739,0.7090822610907376,0.00988045342433709,0.056650641025641026,0.01756014688518269
ru,title_and_5_sentences,0.4809117076756979,0.011516909784249423,0.578336574369691,0.0208780115165449,0.4127723497184983,0.02776357820866053,0.6744433195922368,0.01206075340161223,0.13120039682539683,0.05643165061336237
