language,unit_of_analysis,f1-mico_mean,f1-mico_std,precision-micro_mean,precision-micro_std,recall-micro_mean,recall-micro_std,roc-auc_mean,roc-auc_std,accuracy_mean,accuracy_std
en,title,0.5524520610734882,0.02869328837395033,0.63103244652949,0.04072598409113573,0.49163107597173844,0.025171810045127505,0.6895722578341346,0.014992064565009719,0.03307040210344984,0.00891138859677342
fr,title,0.3063410279548608,0.013685274981958028,0.4236217035690489,0.04644619808583928,0.24070816973178233,0.007395322100033635,0.5754177755336654,0.006273158440763765,0.03319919517102616,0.008366447841566113
ge,title,0.39170895777458004,0.013778704349134559,0.4920039556547418,0.022260469549930235,0.32660421358497244,0.026530320990447116,0.5862017182475853,0.009782079788685718,0.005649717514124294,0.009785597782875013
it,title,0.354709641567102,0.04060102772715395,0.4745570810813775,0.04926092805560796,0.28367748124890985,0.03711945588431749,0.5827903071876944,0.021733347068734286,0.009900990099009901,0.009900990099009901
po,title,0.39220183199416536,0.037282936937516366,0.47726872800402215,0.00596254883540634,0.33567808715048814,0.05418184672275872,0.5676544549718703,0.020040310603801542,0.005128205128205128,0.00888231183368655
ru,title,0.2242817853734901,0.014681001048662962,0.35279320573438216,0.028865828748880797,0.16479524855462144,0.01389315841609245,0.5502161345412074,0.008317315040246374,0.03158068783068783,0.027636061992459764
