language,unit_of_analysis,f1-mico_mean,f1-mico_std,precision-micro_mean,precision-micro_std,recall-micro_mean,recall-micro_std,roc-auc_mean,roc-auc_std,accuracy_mean,accuracy_std
en,raw_text,0.6617139075147592,0.012776522471392016,0.7724194118080119,0.026457967437074556,0.5797810065644072,0.02870275224410349,0.7563615828312308,0.00971631595502578,0.08943061788839023,0.02843719716312876
fr,raw_text,0.4367269259221289,0.05392300202833305,0.6413408521303258,0.04289060712582631,0.3348739426554685,0.06587343901338985,0.6419016174562137,0.028461389515551144,0.08048289738430582,0.04563635775799388
ge,raw_text,0.5314020828384619,0.023120680416839876,0.6498666327758144,0.018802710178210905,0.44955300947928173,0.024146133371739962,0.6698223230310273,0.011915904168300066,0.028345996493278788,0.01948738473960165
it,raw_text,0.47545683522254817,0.01607464480875005,0.6709686051010605,0.032074388263133156,0.3683853130995988,0.013390780676871019,0.6501349643322822,0.009679224321860259,0.07920792079207921,0.026195557535292978
po,raw_text,0.5651402083457768,0.03394352685297659,0.6509639921220535,0.049740145005648995,0.49943865995270514,0.023637266999490866,0.6765054452663505,0.0159665492699714,0.04110576923076923,0.044342329001442735
ru,raw_text,0.17971739583616572,0.026705323626042752,0.3917245545152522,0.11840894262201114,0.1232548158246863,0.037748238370447114,0.5382263231088408,0.006264790477434234,0.036458333333333336,0.039322054350368486
