language,unit_of_analysis,f1-mico_mean,f1-mico_std,precision-micro_mean,precision-micro_std,recall-micro_mean,recall-micro_std,roc-auc_mean,roc-auc_std,accuracy_mean,accuracy_std
en,title_and_first_paragraph,0.5960450019144861,0.012526011064412802,0.6704445692960794,0.011534052098904924,0.5365764295453018,0.014657145789267755,0.7165029758000183,0.009552012187520139,0.04670429303232241,0.010198350514912953
fr,title_and_first_paragraph,0.3848429329363716,0.02767999080318331,0.48289905642846814,0.02639440978204134,0.32171239467575125,0.03853604116271524,0.6139855187219929,0.012809047450012778,0.014285714285714285,0.014285714285714285
ge,title_and_first_paragraph,0.4580249381915508,0.008419751755213225,0.5137567741095442,0.042787268230078626,0.41499211724890567,0.01693429976823277,0.6170786628015169,0.013441215738164352,0.02269627897915449,0.009702339448490818
it,title_and_first_paragraph,0.4160967118239265,0.02409898588999271,0.48971550412643855,0.0068126913333906415,0.3630120355834641,0.037689495615857466,0.6105131213780873,0.010526683616104579,0.036303630363036306,0.011432678597814374
po,title_and_first_paragraph,0.46748998883234977,0.02316950255233768,0.5312346093015238,0.031039937743039182,0.4191860328274042,0.03749014973631433,0.6081482894371167,0.010369846325865503,0.020673076923076922,0.009159884078489255
ru,title_and_first_paragraph,0.22091346999050665,0.040806598158260106,0.3258567437290842,0.08183784709231079,0.16843394178090834,0.02825476753683257,0.5464310244461447,0.018814133350082828,0.04183201058201058,0.04768187131195523
