language,unit_of_analysis,f1-mico_mean,f1-mico_std,precision-micro_mean,precision-micro_std,recall-micro_mean,recall-micro_std,roc-auc_mean,roc-auc_std,accuracy_mean,accuracy_std
en,title_and_10_sentences,0.6194410010163821,0.009530945181022286,0.7062509553379713,0.02527990016170394,0.5518540278568839,0.0010891087371218576,0.7309753941782641,0.0036307913073827178,0.07201142390860872,0.01236412625478758
fr,title_and_10_sentences,0.3913975747816492,0.011191252697815766,0.5499719887955182,0.06248283901584787,0.3067219273956486,0.0273228303799998,0.618628017663082,0.00573563594726802,0.04272300469483568,0.014487387279196203
ge,title_and_10_sentences,0.49717752618503014,0.017662321933655568,0.5815705149265799,0.022174904728233205,0.43421684844090885,0.015505188489551758,0.6462823280572565,0.009689616322928377,0.02269627897915449,0.009702339448490818
it,title_and_10_sentences,0.4377198696818532,0.01364416698546494,0.5731963034381932,0.014562937112193261,0.3547319030176173,0.023041083728116737,0.6277968472266017,0.00748119450044501,0.013201320132013201,0.011432678597814373
po,title_and_10_sentences,0.512863656891453,0.056525805523275845,0.6138324358751664,0.06835600451980874,0.44214411764122047,0.05895559457155396,0.6446540795332553,0.027399032131886894,0.020673076923076922,0.009159884078489255
ru,title_and_10_sentences,0.22239439149310392,0.016531631519322017,0.3652640740461785,0.025301480057231197,0.15993366406624757,0.012801430899706798,0.550473488194253,0.007087018489664352,0.052248677248677246,0.03594205551238496
