language,unit_of_analysis,f1-mico_mean,f1-mico_std,precision-micro_mean,precision-micro_std,recall-micro_mean,recall-micro_std,roc-auc_mean,roc-auc_std,accuracy_mean,accuracy_std
en,raw_text,0.6793501337948052,0.01645608161597037,0.7524847341127373,0.027643662631029766,0.6205607361102597,0.03568894544460208,0.7701740967824825,0.012169064955891798,0.08557731538147695,0.01445044438559413
fr,raw_text,0.46968825840142153,0.03923092769396399,0.6357286313426664,0.042696480260034406,0.3774451190467086,0.06589003407930355,0.6589126961092909,0.02498809590966431,0.07578806170355466,0.029552360260819532
ge,raw_text,0.5616251644998784,0.01291241279912866,0.6222004480081369,0.005401679435519929,0.5119104705959588,0.01793742200840883,0.6853288689717644,0.0036479128170127596,0.02824858757062147,0.025890258163592313
it,raw_text,0.5051890413773643,0.024233355465307718,0.6438433698721084,0.0288122501150626,0.41605511948369095,0.02552409741401297,0.6647287677943424,0.014654441627865975,0.0759075907590759,0.02286535719562874
po,raw_text,0.5936582721212394,0.030712531468221504,0.6312060534675376,0.03059111557119811,0.5603480960519603,0.030839599392699667,0.6904663646713444,0.011311232540750697,0.04110576923076923,0.044342329001442735
ru,raw_text,0.20592336458173252,0.017141321519208646,0.39781495169551967,0.11183048079182052,0.14658442525688606,0.03652062856167669,0.5462778621160149,0.0008130578127912515,0.026041666666666668,0.04510548978043951
