language,unit_of_analysis,f1_micro,precision_micro,recall_micro,f1_macro,precision_macro,recall_macro,accuracy
en,title_and_10_sentences,0.6604026845637584,0.7321428571428571,0.6014669926650367,0.4808699432968191,0.5643056697153336,0.4403348028160274,0.06796116504854369
fr,title_and_10_sentences,0.36893203883495146,0.475,0.30158730158730157,0.2062876432624332,0.24931972789115647,0.20950371057513917,0.023809523809523808
ge,title_and_10_sentences,0.5543859649122806,0.6991150442477876,0.45930232558139533,0.3818724666469028,0.5999149659863946,0.34925206924875213,0.0
it,title_and_10_sentences,0.5230769230769231,0.6375,0.4434782608695652,0.36988064585495073,0.4975945747374319,0.3329503699146556,0.08333333333333333
po,title_and_10_sentences,0.5582655826558266,0.6319018404907976,0.5,0.4476182729256591,0.5872006961292675,0.4154667074779857,0.02564102564102564
ru,title_and_10_sentences,0.038834951456310676,0.11764705882352941,0.023255813953488372,0.01680672268907563,0.015873015873015872,0.017857142857142856,0.0
