language,unit_of_analysis,f1_micro,precision_micro,recall_micro,f1_macro,precision_macro,recall_macro,accuracy
en,title_and_5_sentences,0.6776232616940581,0.7015706806282722,0.6552567237163814,0.5446285701061931,0.586585222640056,0.5251553938629479,0.08737864077669903
fr,title_and_5_sentences,0.4095238095238095,0.5119047619047619,0.3412698412698413,0.26304422754727014,0.3623975231118089,0.24775200989486706,0.023809523809523808
ge,title_and_5_sentences,0.46945337620578775,0.5251798561151079,0.42441860465116277,0.3617415148570183,0.4177132391418105,0.3686937055523964,0.0
it,title_and_5_sentences,0.49131513647642683,0.5722543352601156,0.43043478260869567,0.36609958518743596,0.41450040143649164,0.34214895857753,0.05
po,title_and_5_sentences,0.5793450881612091,0.6020942408376964,0.558252427184466,0.43750155702499116,0.4699653862096259,0.44504076750317356,0.0
ru,title_and_5_sentences,0.0625,0.3,0.03488372093023256,0.036281179138321996,0.10714285714285714,0.022108843537414966,0.02631578947368421
