language,unit_of_analysis,f1-mico_mean,f1-mico_std,precision-micro_mean,precision-micro_std,recall-micro_mean,recall-micro_std,roc-auc_mean,roc-auc_std,accuracy_mean,accuracy_std
en,title,0.66893069278493,0.0007126534980314295,0.7178369814816792,0.02341343957327706,0.6270083373379778,0.018300981396330213,0.7650468982508354,0.0035698379784517924,0.0894759508590598,0.008618266005202954
fr,title,0.5313460645099745,0.022594737827374204,0.5790218617139243,0.010835327220832447,0.4914069444359172,0.03280947163234806,0.6972579593826307,0.015347700130343494,0.08531187122736418,0.0006970023370498494
ge,title,0.5669195753241324,0.007396383459476185,0.6231196078323161,0.015677919799440068,0.520100539566463,0.002169535535957953,0.6885809131878226,0.0052465618031442346,0.06253652834599649,0.010139889873113659
it,title,0.5154201238688091,0.03488331013791365,0.5742624397969648,0.025083648002440496,0.4678421419849991,0.04099700393751426,0.6690876978507988,0.02185959958878055,0.06930693069306931,0.03569852747984148
po,title,0.5560066558700583,0.03501118062802344,0.5990058526958896,0.06005523035984082,0.5202859417142154,0.030682089896997344,0.6642851481218252,0.01680549119899736,0.020592948717948718,0.023474555683683368
ru,title,0.4641238242173891,0.021063994021143295,0.5448568012890483,0.02288321705635107,0.40423420182281805,0.01938712885666395,0.666266747213965,0.008017609991493434,0.13111772486772486,0.040772280767952425
