language,unit_of_analysis,f1-mico_mean,f1-mico_std,precision-micro_mean,precision-micro_std,recall-micro_mean,recall-micro_std,roc-auc_mean,roc-auc_std,accuracy_mean,accuracy_std
en,raw_text,0.7033016500297076,0.005315183662411655,0.7501441128685166,0.031681446864674036,0.6628276646088889,0.014962532029778996,0.7881367799036747,0.0017520070170917296,0.10112652432113876,0.018391443591750142
fr,raw_text,0.5919646852293265,0.011152808168507247,0.6344237667474016,0.04021530828158857,0.5574034681284809,0.035899382342523274,0.7348623930545779,0.012911256285260098,0.10422535211267607,0.007318524539023426
ge,raw_text,0.6562367432475157,0.0053942062288161174,0.6932366437233695,0.003994652698526904,0.6229908974918865,0.006524622448682322,0.7488568513320866,0.007329266330378806,0.1080264952269628,0.020187632024526336
it,raw_text,0.6184135647461267,0.02601378271108126,0.6635828797742672,0.031120039392755556,0.5795665445665446,0.030629568858297884,0.734495570159181,0.01887454264331059,0.10891089108910891,0.019801980198019806
po,raw_text,0.6828960220607164,0.023749319400252177,0.6959026812741708,0.04356552299201534,0.6722193817290975,0.03410812977721935,0.7556322818981492,0.012020966205692239,0.09791666666666667,0.00849661291141767
ru,raw_text,0.5466541448823888,0.015288434387302183,0.6252023654539952,0.08950343068308901,0.49107999444570677,0.026812579726354948,0.7132412417475069,0.0028399704363064903,0.1261574074074074,0.08464914121864142
