language,unit_of_analysis,f1-mico_mean,f1-mico_std,precision-micro_mean,precision-micro_std,recall-micro_mean,recall-micro_std,roc-auc_mean,roc-auc_std,accuracy_mean,accuracy_std
en,title_and_5_sentences,0.7041604996494882,0.0021793110416729817,0.7485099843080647,0.004837313140558425,0.6647977154636445,0.0040774068176626585,0.7885553440286707,0.0032362146651413633,0.10508182601205857,0.020416754095719778
fr,title_and_5_sentences,0.57375260427892,0.02981267409770772,0.6020800244748902,0.03718150724141276,0.5490825836466057,0.03875407819391732,0.7252832694795358,0.02083167140245505,0.08034875922199865,0.04019380143654135
ge,title_and_5_sentences,0.6287430015608236,0.00922732086628847,0.6629010889620296,0.016564204021270186,0.5980310724061848,0.00559942458600829,0.7299149939381667,0.0047453291131963745,0.056691992986557575,0.0389747694792033
it,title_and_5_sentences,0.5720097931238564,0.009631123486671105,0.5904449141293086,0.01751684614635139,0.5551737310308739,0.01808981077429185,0.7053142657127797,0.008493843886656376,0.07590759075907591,0.011432678597814366
po,title_and_5_sentences,0.6367224660007796,0.0155307409130284,0.6640654743037776,0.04909164061347482,0.6141522347402423,0.0320716533244349,0.7215376122352964,0.004059811210352174,0.06706730769230769,0.03222499001565207
ru,title_and_5_sentences,0.5316248220794818,0.031018927611693135,0.568975468975469,0.04579870397547265,0.5002508899492539,0.03596244884172565,0.7098131977642037,0.020058944889227,0.1416170634920635,0.04302843099031481
