language,unit_of_analysis,f1-mico_mean,f1-mico_std,precision-micro_mean,precision-micro_std,recall-micro_mean,recall-micro_std,roc-auc_mean,roc-auc_std,accuracy_mean,accuracy_std
en,raw_text,0.663265306122449,,0.7471264367816092,,0.5963302752293578,,0.7602341031319202,,0.07017543859649122,
fr,raw_text,0.49848024316109424,,0.640625,,0.4079601990049751,,0.6749763164003438,,0.08450704225352113,
ge,raw_text,0.5584415584415585,,0.6649484536082474,,0.48134328358208955,,0.6809289947322212,,0.034482758620689655,
it,raw_text,0.4906937394247039,,0.6712962962962963,,0.38666666666666666,,0.6591658646134104,,0.0891089108910891,
po,raw_text,0.5993377483443708,,0.6934865900383141,,0.5276967930029155,,0.6915156659408791,,0.015625,
ru,raw_text,0.19534883720930235,,0.29577464788732394,,0.14583333333333334,,0.5396719858156028,,0.03125,
