language,fold,unit_of_analysis,f1-mico,precision-micro,recall-micro,roc-auc,accuracy
en,fold_3,title,0.5460636515912899,0.6037037037037037,0.4984709480122324,0.687741221132553,0.04093567251461988
fr,fold_3,title,0.2909090909090909,0.37209302325581395,0.23880597014925373,0.5683311061338955,0.028169014084507043
ge,fold_3,title,0.380952380952381,0.48554913294797686,0.31343283582089554,0.5749149473222125,0.0
it,fold_3,title,0.38305084745762713,0.5255813953488372,0.30133333333333334,0.6015810073788901,0.019801980198019802
po,fold_3,title,0.3494423791821561,0.48205128205128206,0.27405247813411077,0.5457061667343248,0.0
ru,fold_3,title,0.23853211009174313,0.35135135135135137,0.18055555555555555,0.5583628841607565,0.015625
