language,fold,unit_of_analysis,f1-mico,precision-micro,recall-micro,roc-auc,accuracy
en,fold_3,title_and_first_sentence_each_paragraph,0.6602098466505245,0.6991452991452991,0.6253822629969419,0.7621164188547928,0.08187134502923976
fr,fold_3,title_and_first_sentence_each_paragraph,0.42162162162162165,0.46153846153846156,0.3880597014925373,0.6366528015659408,0.04225352112676056
ge,fold_3,title_and_first_sentence_each_paragraph,0.4693446088794926,0.5414634146341464,0.4141791044776119,0.6206924934152765,0.034482758620689655
it,fold_3,title_and_first_sentence_each_paragraph,0.5222551928783383,0.5886287625418061,0.4693333333333333,0.6754751363490537,0.04950495049504951
po,fold_3,title_and_first_sentence_each_paragraph,0.5824,0.6453900709219859,0.5306122448979592,0.6748902092482563,0.03125
ru,fold_3,title_and_first_sentence_each_paragraph,0.17431192660550457,0.25675675675675674,0.13194444444444445,0.529403073286052,0.0
