language,fold,unit_of_analysis,f1-mico,precision-micro,recall-micro,roc-auc,accuracy
en,fold_3,title_and_5_sentences,0.6149870801033591,0.7041420118343196,0.5458715596330275,0.7298323315406515,0.0935672514619883
fr,fold_3,title_and_5_sentences,0.37151702786377705,0.4918032786885246,0.29850746268656714,0.6101616758577855,0.028169014084507043
ge,fold_3,title_and_5_sentences,0.48140043763676144,0.582010582010582,0.41044776119402987,0.6326135864793678,0.017241379310344827
it,fold_3,title_and_5_sentences,0.4483870967741935,0.5673469387755102,0.37066666666666664,0.6343227462303498,0.009900990099009901
po,fold_3,title_and_5_sentences,0.5632377740303541,0.668,0.4868804664723032,0.6683950252795513,0.015625
ru,fold_3,title_and_5_sentences,0.2030456852791878,0.37735849056603776,0.1388888888888889,0.5475029550827423,0.0625
