language,unit_of_analysis,f1-mico_mean,f1-mico_std,precision-micro_mean,precision-micro_std,recall-micro_mean,recall-micro_std,roc-auc_mean,roc-auc_std,accuracy_mean,accuracy_std
en,title_and_5_sentences,0.6191449071044763,0.02322874178688059,0.7026666224998014,0.005298157604330928,0.5538633465659019,0.034393623678019444,0.7309545328126358,0.013058479846061663,0.07782537739698082,0.014748476928311327
fr,title_and_5_sentences,0.3909941005116153,0.026636881183109994,0.5130658143219352,0.02282832952333844,0.31715892812884633,0.036173629263811735,0.6176876947058609,0.013029816458095977,0.03319919517102616,0.008366447841566111
ge,title_and_5_sentences,0.4811441083063089,0.0028636412416167467,0.5726280535023704,0.008133892398787224,0.41494430696013146,0.005946573063127279,0.6372222483969266,0.0044610192559489436,0.03399571400740308,0.016803250915580107
it,title_and_5_sentences,0.4386324133821353,0.016088708464300026,0.5506391527979165,0.014672027628733287,0.3648515611372754,0.02072833915268417,0.6264868384349948,0.009358931545929594,0.039603960396039604,0.03569852747984148
po,title_and_5_sentences,0.5457889994121207,0.02402355247365279,0.6028969501227566,0.06304937405044037,0.5007194340489959,0.016264055225739996,0.6595572216240875,0.01176902843616369,0.01546474358974359,0.00013878612240135187
ru,title_and_5_sentences,0.2083541121760105,0.02421468733310779,0.35999095655033503,0.04816051744752934,0.1468416269029766,0.01728047731381022,0.5452070936919317,0.01151792518324329,0.05745701058201058,0.023597160438877253
