language,unit_of_analysis,f1-mico_mean,f1-mico_std,precision-micro_mean,precision-micro_std,recall-micro_mean,recall-micro_std,roc-auc_mean,roc-auc_std,accuracy_mean,accuracy_std
en,raw_text,0.6880607977355968,0.01626625925005394,0.7153341020629673,0.03470513979422455,0.6643308170762986,0.0318160269983424,0.7801763076563876,0.009744665333672688,0.09147060156852078,0.013760456232215681
fr,raw_text,0.5266739265880315,0.007927785638004775,0.5811897387538577,0.01909757311996863,0.481866576963846,0.01198503700807445,0.6935087163229712,0.007860404503680618,0.08048289738430582,0.05925578940480867
ge,raw_text,0.5931364120856181,0.010311261672457928,0.6256036129085176,0.02483115326912617,0.5642227759652684,0.005937240009277887,0.7048699062565794,0.011050763464328421,0.02269627897915449,0.009702339448490818
it,raw_text,0.5610236021517602,0.006397025340799456,0.6051445442301443,0.007079166694492275,0.5230333158904586,0.01173615465168378,0.69748513971698,0.006205103531821834,0.0429042904290429,0.015124012194573728
po,raw_text,0.6224567959634925,0.04293821145875335,0.6126840179515765,0.04960074951908323,0.6329615926574056,0.03999317535346349,0.7070970287569766,0.02203609397165258,0.025641025641025644,0.023500388179260718
ru,raw_text,0.14894739432268614,0.1142126604541027,0.4555407801418439,0.15149634743759421,0.09992994016511399,0.08279849321169333,0.5343156910451156,0.030958312862714898,0.02091600529100529,0.008950361051514344
