language,fold,unit_of_analysis,f1-mico,precision-micro,recall-micro,roc-auc,accuracy
en,fold_3,raw_text,0.6848072562358276,0.6771300448430493,0.6926605504587156,0.7842613097121164,0.09941520467836257
fr,fold_3,raw_text,0.5351351351351351,0.5857988165680473,0.4925373134328358,0.7021324650392425,0.09859154929577464
ge,fold_3,raw_text,0.5895953757225434,0.6095617529880478,0.5708955223880597,0.6953742317822651,0.017241379310344827
it,fold_3,raw_text,0.5681818181818182,0.60790273556231,0.5333333333333333,0.7045877446262432,0.0594059405940594
po,fold_3,raw_text,0.6549192364170339,0.6597633136094675,0.6501457725947521,0.7210945861165443,0.0
ru,fold_3,raw_text,0.14659685863874347,0.2978723404255319,0.09722222222222222,0.526669621749409,0.015625
