language,fold,unit_of_analysis,f1-mico,precision-micro,recall-micro,roc-auc,accuracy
en,fold_3,title_and_first_sentence_each_paragraph,0.686335403726708,0.6971608832807571,0.6758409785932722,0.7827480755035326,0.08187134502923976
fr,fold_3,title_and_first_sentence_each_paragraph,0.5168539325842697,0.5935483870967742,0.4577114427860697,0.6891331488835771,0.04225352112676056
ge,fold_3,title_and_first_sentence_each_paragraph,0.5222672064777328,0.5707964601769911,0.48134328358208955,0.651517230026339,0.034482758620689655
it,fold_3,title_and_first_sentence_each_paragraph,0.5264750378214825,0.6083916083916084,0.464,0.6781020211742059,0.0297029702970297
po,fold_3,title_and_first_sentence_each_paragraph,0.5738255033557047,0.6758893280632411,0.49854227405247814,0.6751300882016458,0.015625
ru,fold_3,title_and_first_sentence_each_paragraph,0.18478260869565216,0.425,0.11805555555555555,0.5437352245862884,0.015625
