language,unit_of_analysis,f1-mico_mean,f1-mico_std,precision-micro_mean,precision-micro_std,recall-micro_mean,recall-micro_std,roc-auc_mean,roc-auc_std,accuracy_mean,accuracy_std
en,title_and_first_sentence_each_paragraph,0.6916030534351145,,0.6905487804878049,,0.6926605504587156,,0.7879969418960244,,0.08187134502923976,
fr,title_and_first_sentence_each_paragraph,0.5222222222222223,,0.5911949685534591,,0.46766169154228854,,0.6928472392137672,,0.04225352112676056,
ge,title_and_first_sentence_each_paragraph,0.5241935483870969,,0.5701754385964912,,0.48507462686567165,,0.6524637840210711,,0.034482758620689655,
it,title_and_first_sentence_each_paragraph,0.5279034690799396,,0.6076388888888888,,0.4666666666666667,,0.6789541225537375,,0.0297029702970297,
po,title_and_first_sentence_each_paragraph,0.5897858319604612,,0.678030303030303,,0.521865889212828,,0.6840794183857992,,0.015625,
ru,title_and_first_sentence_each_paragraph,0.1837837837837838,,0.4146341463414634,,0.11805555555555555,,0.5430703309692672,,0.015625,
