language,unit_of_analysis,f1-mico_mean,f1-mico_std,precision-micro_mean,precision-micro_std,recall-micro_mean,recall-micro_std,roc-auc_mean,roc-auc_std,accuracy_mean,accuracy_std
en,title_and_10_sentences,0.6701226107647513,0.02407832984847441,0.6700629243252193,0.029185475402235678,0.6719408300711693,0.0445113393686968,0.7708810787107571,0.015037498608937046,0.0641348202547713,0.032248815195127255
fr,title_and_10_sentences,0.4871609823079793,0.019817328901042548,0.5659556940062673,0.03531284058983005,0.42804452554464106,0.01573054768453415,0.6689095863678874,0.013340604220124643,0.06626425217974513,0.02129979283725445
ge,title_and_10_sentences,0.5476059185736605,0.02532225408583706,0.5787849252761533,0.0046317665462584,0.5208764458449767,0.04631147462816611,0.674579267438955,0.019605402006751205,0.02824858757062147,0.025890258163592313
it,title_and_10_sentences,0.5151929996440769,0.018476914426766272,0.5492780411062497,0.009708777474288787,0.48571742543171115,0.030793498423529773,0.6681437931210078,0.010896695487898778,0.03300330033003301,0.02061055445015973
po,title_and_10_sentences,0.5815125738051224,0.016737499258107816,0.5849288311428028,0.058623291284663474,0.5827748999470562,0.03327660989605877,0.6770320031534499,0.005801874693936877,0.0358974358974359,0.06217618283580585
ru,title_and_10_sentences,0.13517444103077872,0.08002611135736093,0.37225535375440505,0.01998911081790053,0.08808130727864878,0.06388333112569294,0.5289586489593383,0.022301601223358093,0.01570767195767196,0.00014319203104901408
