language,unit_of_analysis,f1-mico_mean,f1-mico_std,precision-micro_mean,precision-micro_std,recall-micro_mean,recall-micro_std,roc-auc_mean,roc-auc_std,accuracy_mean,accuracy_std
en,title_and_5_sentences,0.6730209965504083,0.008892337107080421,0.6972573285513567,0.03178992721941061,0.6513581242622638,0.01596146791605265,0.7702184931462761,0.0029400232275758656,0.06806745546035632,0.011906896976282147
fr,title_and_5_sentences,0.47276954502591023,0.021968347252115092,0.5318273951860942,0.018799914198832562,0.42557227645717083,0.023677511478841187,0.6619550874862828,0.00952445770836026,0.05674044265593561,0.03734386924947282
ge,title_and_5_sentences,0.5234969465665427,0.038275383847321716,0.5493698585803849,0.04159006716576453,0.502045138621294,0.05376780556601011,0.6571268916140283,0.031039261322505313,0.028345996493278788,0.01948738473960165
it,title_and_5_sentences,0.4803380047084316,0.027261373467325645,0.5182435613426514,0.02555831085414926,0.44762899005756146,0.028333833265644204,0.645840941623943,0.017096573754808563,0.0429042904290429,0.02491694533092657
po,title_and_5_sentences,0.5675789534126107,0.041647479599472084,0.589864271486203,0.048799198917190846,0.5470674909673736,0.03646230649716311,0.6694440083229999,0.022504675550059135,0.03076923076923077,0.026646935501059652
ru,title_and_5_sentences,0.07139585551062162,0.06595170066520062,0.25279955207166854,0.04374025747274712,0.04472783963240678,0.045883745133031846,0.5102532748944161,0.014217213327475211,0.015625,0.015625
