language,unit_of_analysis,f1-mico_mean,f1-mico_std,precision-micro_mean,precision-micro_std,recall-micro_mean,recall-micro_std,roc-auc_mean,roc-auc_std,accuracy_mean,accuracy_std
en,raw_text,0.6809927630173057,0.01653077898192573,0.7385980673419169,0.03400847060762918,0.6329011613837675,0.02892828137636062,0.7724941238234644,0.010383367011700007,0.09921120631034952,0.00554477087770875
fr,raw_text,0.5043524085693846,0.005306617246299601,0.5995182774236113,0.024477994726557924,0.4356322481640165,0.006850785653550462,0.6778931270007815,0.004742007987739641,0.07102615694164989,0.05134491894621968
ge,raw_text,0.55825345289631,0.004318059850325376,0.6290103698712189,0.010883123224525544,0.5020391920679639,0.01203516472668967,0.6836566850349456,0.007062777550842876,0.02269627897915449,0.009702339448490818
it,raw_text,0.5343831038690404,0.0143926194447434,0.6172649507162493,0.00821148791251813,0.47125728240013953,0.01857118190228134,0.6808341601980784,0.01011667061050798,0.07260726072607261,0.031827230234300175
po,raw_text,0.593704766430624,0.04493415825258883,0.6208321967266248,0.06202009097777553,0.5698983916381176,0.03988496285779466,0.6897224271931837,0.02398526116046734,0.025641025641025644,0.023500388179260718
ru,raw_text,0.1441708613134263,0.10077948628699787,0.46847290640394085,0.12268185851659319,0.09406479587972431,0.07103611112803758,0.5331765129978447,0.02481608193983088,0.026124338624338623,0.00887790592503889
