language,unit_of_analysis,f1-mico_mean,f1-mico_std,precision-micro_mean,precision-micro_std,recall-micro_mean,recall-micro_std,roc-auc_mean,roc-auc_std,accuracy_mean,accuracy_std
en,title_and_10_sentences,0.673532446771438,0.00802636412627383,0.7630007473135291,0.009749207486017526,0.6031912798210465,0.018982494848868128,0.7647074089402534,0.004762601333950363,0.11285643048188948,0.0092029000990986
fr,title_and_10_sentences,0.5004828727045695,0.008511361834902685,0.6197516830745289,0.05810867884763282,0.4227864768043133,0.031430917242690544,0.6752221822794127,0.004870570241353352,0.07578806170355466,0.016158499281371443
ge,title_and_10_sentences,0.579419252486551,0.00468796344084701,0.703649693944699,0.06354075799211989,0.4957268067769776,0.031508568092767704,0.6992856277607588,0.0009122012754693221,0.04558737580362362,0.026404107534953866
it,title_and_10_sentences,0.5180063945246883,0.03608716555110706,0.6294025942665554,0.04745464230642953,0.4470340136054422,0.07186120614931338,0.6726197372510837,0.01907616395644621,0.0495049504950495,0.026195557535292978
po,title_and_10_sentences,0.5823390238256243,0.037754005214841846,0.6443249910432252,0.05895297640744487,0.5327580696708213,0.03607946568296905,0.6855618275024072,0.01815581001460953,0.030849358974358976,0.015264580808795393
ru,title_and_10_sentences,0.3707256617905605,0.040680549231005836,0.5151913009813328,0.09085324669080411,0.2943286248074932,0.04582477737654679,0.6156728826935645,0.016800829335740734,0.0835813492063492,0.0321091966240519
