language,unit_of_analysis,f1-mico_mean,f1-mico_std,precision-micro_mean,precision-micro_std,recall-micro_mean,recall-micro_std,roc-auc_mean,roc-auc_std,accuracy_mean,accuracy_std
en,raw_text,0.6873998308767574,0.0026593533632048062,0.7938450530641123,0.01997336925711617,0.6065349638536647,0.014285609170786228,0.7724396649387684,0.004456303004474925,0.12644498844009247,0.013285282232949358
fr,raw_text,0.53999193934927,0.046431151734201134,0.6639726597709791,0.014758422362369837,0.45663543260696815,0.05888570519342978,0.6970977933632065,0.02898014805659542,0.09490274983232729,0.030143728276197785
ge,raw_text,0.6132417830471701,0.015181560528744588,0.7076486461666702,0.02386356645405409,0.5423344646056388,0.03352259938765015,0.7201647845193775,0.009415907763077942,0.06838106370543541,0.0347786687242825
it,raw_text,0.5568291035654854,0.025085913209390742,0.6837156830024785,0.051506479450280786,0.4700774463631607,0.012717894416981443,0.693853545057579,0.014607639178510191,0.0594059405940594,0.026195557535292974
po,raw_text,0.6213393398620487,0.04306934536782369,0.6766175574043437,0.043964393821332125,0.5754791807923303,0.05182545524851778,0.7124842421246483,0.021318897450804654,0.05673076923076923,0.02361159453424745
ru,raw_text,0.39394960922159017,0.05053151553462939,0.5238583210492674,0.06785847219586175,0.32147365497740416,0.0670612270212964,0.6290934913757166,0.025847245255836704,0.07845568783068783,0.026781503808796903
