language,unit_of_analysis,f1-mico_mean,f1-mico_std,precision-micro_mean,precision-micro_std,recall-micro_mean,recall-micro_std,roc-auc_mean,roc-auc_std,accuracy_mean,accuracy_std
en,title_and_5_sentences,0.6760839986868445,0.014040176926737227,0.7393505192909035,0.01902512257632041,0.6232259663533523,0.02262234104935676,0.7683330925208621,0.007851960233100015,0.08169001314656149,0.011424987914190457
fr,title_and_5_sentences,0.5001228584521445,0.03583324073552484,0.5675757575757575,0.03588279804261929,0.4470794468484039,0.03549378302236483,0.6771942574762168,0.02161775848374134,0.061569416498993966,0.029582255049479443
ge,title_and_5_sentences,0.5590376428332536,0.01991128860179244,0.6099577301462612,0.033450348214009766,0.5186084304048699,0.04385150619443442,0.683596990233993,0.01626860802764462,0.04558737580362362,0.02640410753495387
it,title_and_5_sentences,0.5020703539161687,0.025520565002390486,0.5839551143369451,0.04581497632566914,0.4411346589918019,0.023465436280780648,0.6612612360826731,0.016861447900279693,0.0627062706270627,0.01512401219457373
po,title_and_5_sentences,0.5998034085932556,0.02315509922644521,0.627796959154521,0.05662588413391342,0.5764551099526058,0.022839474234908577,0.6942199800757379,0.009360635456289398,0.025801282051282053,0.023554421541649793
ru,title_and_5_sentences,0.3783921863971756,0.03282113913961414,0.4971455125784068,0.04160160908853481,0.30972285339190586,0.05041366422969084,0.6210581595805372,0.016462628983582358,0.09945436507936507,0.008623679886266722
