language,unit_of_analysis,f1-mico_mean,f1-mico_std,precision-micro_mean,precision-micro_std,recall-micro_mean,recall-micro_std,roc-auc_mean,roc-auc_std,accuracy_mean,accuracy_std
en,title,0.6224788381538112,0.0055030000918648275,0.7164788111656537,0.035217708326768,0.551147189129957,0.01347645289918927,0.7326581042772512,0.0030284079686955494,0.07971802892243529,0.023306493220056724
fr,title,0.4058660362425166,0.037130070837540864,0.5538417436494946,0.025783450464204993,0.32328255307784903,0.05335766153280634,0.626206815411604,0.021148819669857988,0.03789403085177733,0.02175861990252697
ge,title,0.4769148482367394,0.004008560087555242,0.5718787174037986,0.04786181853029232,0.41167156186936804,0.028902559076952092,0.6353160258690277,0.0011679891483974522,0.02269627897915449,0.009702339448490818
it,title,0.4168224831395075,0.02202319502613787,0.5274048302283282,0.025924388453363704,0.34689778475492766,0.03863066652315452,0.6146280572479471,0.009363642822775686,0.0429042904290429,0.005716339298907187
po,title,0.5089574724627429,0.022510135477980062,0.5560479494955133,0.09929012262329891,0.47819408725597873,0.033571816989988616,0.6308105504090421,0.019912106880507752,0.005208333333333333,0.009021097956087904
ru,title,0.206897034736549,0.01946811856777909,0.4254816231011931,0.056961045221768675,0.13679813931177257,0.011793415567425598,0.5483804819073689,0.009543831850738545,0.042080026455026454,0.03322147700101673
