language,unit_of_analysis,f1-mico_mean,f1-mico_std,precision-micro_mean,precision-micro_std,recall-micro_mean,recall-micro_std,roc-auc_mean,roc-auc_std,accuracy_mean,accuracy_std
en,title_and_5_sentences,0.6736029268841565,0.013533784950084046,0.727690633565782,0.024067983306644405,0.6272054920689821,0.01112885023546269,0.7676863501628383,0.006002909552025698,0.09730722154222766,0.022308692949692288
fr,title_and_5_sentences,0.506653128069194,0.0168469272245856,0.5627770247827694,0.026747109046614405,0.46198920169623925,0.029561932507502595,0.6818226168200324,0.007449223597362242,0.08048289738430582,0.02121377119210817
ge,title_and_5_sentences,0.5767425483903854,0.023981874202208216,0.6246818681395089,0.06604248210532136,0.5383350506979351,0.01277212278633082,0.6944008753360436,0.015540657034232339,0.04558737580362362,0.03948415138294457
it,title_and_5_sentences,0.5268125353323287,0.015788072937835174,0.599138480805197,0.054562419575472094,0.4721170416884703,0.018066410452123885,0.675761009140889,0.011804437746917166,0.06930693069306931,0.0198019801980198
po,title_and_5_sentences,0.6075133165124754,0.033054923587101825,0.6537906380940369,0.07208177803460948,0.5693720733113788,0.015650458723593778,0.7015808536542189,0.021984908323583352,0.0514423076923077,0.03539127759188412
ru,title_and_5_sentences,0.46103511171910627,0.06135465654192038,0.5554884918718815,0.05207323467162141,0.3951516700749829,0.06721390437814041,0.6641919960316061,0.0369977755484424,0.11499669312169312,0.04978039604528453
