language,unit_of_analysis,f1-mico_mean,f1-mico_std,precision-micro_mean,precision-micro_std,recall-micro_mean,recall-micro_std,roc-auc_mean,roc-auc_std,accuracy_mean,accuracy_std
en,title,0.6000140485956752,0.04572051653836151,0.6840563564485281,0.0663215284775677,0.5350701497032183,0.036938196412533986,0.7190663693376026,0.025453920237169306,0.048596944557776876,0.0203245964259903
fr,title,0.45489627962998097,0.014969546902382155,0.5569072241661562,0.035541322666684215,0.38543299293726724,0.02019403847119572,0.6510140234225417,0.0076975114973922305,0.0664654594232059,0.02215138540174006
ge,title,0.5071549940735988,0.023853848653301965,0.5810004277129678,0.02062848317396893,0.4523716757577574,0.04719489658478313,0.6513512341722398,0.013943641321626184,0.017046561465030197,0.00016871720315301736
it,title,0.45692787560335607,0.023199914430140918,0.5544970491190165,0.03323313222003928,0.38897749869178444,0.02257457246155799,0.6358489920736353,0.012695799601833204,0.023102310231023104,0.01512401219457373
po,title,0.5095361856857575,0.03626326184675432,0.5921580655018694,0.050161794388931556,0.4475724843274256,0.031825209825297664,0.6394744583784687,0.016388505591702254,0.010256410256410256,0.00888231183368655
ru,title,0.33956549234999595,0.017006480714725946,0.5037410156710264,0.06949358682827995,0.2584466282915499,0.020684422129368225,0.6016292744746382,0.006314933273803161,0.06291335978835978,0.027428283103819374
