language,unit_of_analysis,f1-mico_mean,f1-mico_std,precision-micro_mean,precision-micro_std,recall-micro_mean,recall-micro_std,roc-auc_mean,roc-auc_std,accuracy_mean,accuracy_std
en,title_and_10_sentences,0.6809925166786487,0.010541434381102424,0.735633616986379,0.030207280086153657,0.6343595459815382,0.005471728637048403,0.772538474336582,0.00277299510187501,0.10698581078018042,0.011904631443277292
fr,title_and_10_sentences,0.5332094556834693,0.009974383407870427,0.6071959853877151,0.016363474361590417,0.4756601930484838,0.016610343102108398,0.6960857081768267,0.00729227903563398,0.06639839034205232,0.016732895683132226
ge,title_and_10_sentences,0.5915841171071297,0.020699781846850174,0.6606034723139466,0.053828716310790566,0.536996362612259,0.014752029893641059,0.7055716178583301,0.010061452056281296,0.062439119423339184,0.03514545787016901
it,title_and_10_sentences,0.5325915234493889,0.033259410563722544,0.6066751349009413,0.02518974945514993,0.47546973661259373,0.042411233373018976,0.6800586506529006,0.019778248704948896,0.05610561056105611,0.015124012194573731
po,title_and_10_sentences,0.6168668177488751,0.03508172552992635,0.6640916766448681,0.06012199208792548,0.576749746127973,0.018591199414291448,0.7085677040641785,0.01811016968219114,0.041185897435897435,0.008604739588883846
ru,title_and_10_sentences,0.49795145236331223,0.029335974084551884,0.5969076609852237,0.0382350238279943,0.4309831730162337,0.056450336896326316,0.6845031204523018,0.023420999232529466,0.11011904761904762,0.028352022147704832
