language,unit_of_analysis,f1-mico_mean,f1-mico_std,precision-micro_mean,precision-micro_std,recall-micro_mean,recall-micro_std,roc-auc_mean,roc-auc_std,accuracy_mean,accuracy_std
en,title_and_10_sentences,0.6960248425117133,0.014571004921572024,0.7542571571357178,0.0171916063788211,0.646180280527677,0.01385152935845723,0.7818894101749051,0.007165811667072151,0.1070198105081826,0.009187751557996745
fr,title_and_10_sentences,0.5676913781156046,0.023804208011798045,0.6158009751617651,0.032478962575836524,0.5268120560389864,0.02150031300195961,0.7185959957784142,0.016354337697542028,0.08531187122736418,0.04286281029208658
ge,title_and_10_sentences,0.6176948600746908,0.006339996616964915,0.6691941407286386,0.010146331650622897,0.5738616631891222,0.016133110100050207,0.7226231819379195,0.008047074447669634,0.09088252483927528,0.00939226106369854
it,title_and_10_sentences,0.5491264072288637,0.031552970879702075,0.6226992424913449,0.06004597560696388,0.49186324786324787,0.012955731366294623,0.6891469385396624,0.020727648930441833,0.07260726072607261,0.024916945330926567
po,title_and_10_sentences,0.6143469371180994,0.018318964684133864,0.6716853322123378,0.06518538070749812,0.5719883518041007,0.054245293864173934,0.708480399646119,0.010365693851716222,0.061778846153846156,0.02644121501238854
ru,title_and_10_sentences,0.5048678011474713,0.01931533895713691,0.6015627393902252,0.004425295779545451,0.43538084778711905,0.027102599662431563,0.6870617485378859,0.013209064078168157,0.1363260582010582,0.03405713414684031
