language,unit_of_analysis,f1-mico_mean,f1-mico_std,precision-micro_mean,precision-micro_std,recall-micro_mean,recall-micro_std,roc-auc_mean,roc-auc_std,accuracy_mean,accuracy_std
en,raw_text,0.6983363976345304,0.014309958017444379,0.7566294250912385,0.025568862624655842,0.6487718157697846,0.016764480304104153,0.7834921869430037,0.006896568233924395,0.09924520603835169,0.02040672058478353
fr,raw_text,0.57017406598692,0.008754486825197557,0.6072952938795068,0.0397206042422864,0.5387686980959011,0.014928710893677569,0.7215874092907589,0.002743394593783556,0.08537894030851778,0.05165046505187332
ge,raw_text,0.6242489130717579,0.01523491311297546,0.6812710008980486,0.004447488743694567,0.5766127766217678,0.029349504468517747,0.726757632717849,0.005975017130106132,0.09097993376193259,0.020096478247423104
it,raw_text,0.5755847895356306,0.025922298965698965,0.6349174168152164,0.016888653880218863,0.5266310832025117,0.03222809692614369,0.7065690113105217,0.017609344030207422,0.08250825082508251,0.011432678597814366
po,raw_text,0.6543363273739521,0.015288252096742632,0.7253258448811252,0.029691396347543277,0.5963003734988513,0.01182524119532086,0.7362876076812301,0.010190005025206648,0.07732371794871795,0.015400257472744554
ru,raw_text,0.552708165487214,0.022772865488170622,0.6324831183270385,0.056547453490771074,0.4977546138503875,0.06854682572512999,0.7177133336614597,0.025972235116914415,0.15211640211640212,0.05641329888612481
