language,unit_of_analysis,f1_micro,precision_micro,recall_micro,f1_macro,precision_macro,recall_macro,accuracy
en,raw_text,0.683923705722071,0.7723076923076924,0.6136919315403423,0.5176578123897928,0.6376321772868764,0.45347510874719843,0.08737864077669903
fr,raw_text,0.49565217391304356,0.5480769230769231,0.4523809523809524,0.41715398481553223,0.5308784782468993,0.38225572047000617,0.07142857142857142
ge,raw_text,0.5866666666666667,0.6875,0.5116279069767442,0.45534195619905626,0.5534282133906193,0.4325996187948863,0.02857142857142857
it,raw_text,0.6020942408376964,0.756578947368421,0.5,0.4692770864842221,0.6177394547160556,0.40096538400109827,0.11666666666666667
po,raw_text,0.6201117318435755,0.7302631578947368,0.5388349514563107,0.5259867656720879,0.7083703678424176,0.4720048122303761,0.02564102564102564
ru,raw_text,0.5165562913907285,0.6,0.45348837209302323,0.3495107720507558,0.3945744964652528,0.3483843537414966,0.18421052631578946
