language,unit_of_analysis,f1_micro,precision_micro,recall_micro,f1_macro,precision_macro,recall_macro,accuracy
en,title_and_5_sentences,0.684931506849315,0.778816199376947,0.6112469437652812,0.49270659032198283,0.6221999752959506,0.4400037288634116,0.11650485436893204
fr,title_and_5_sentences,0.4588744588744589,0.5047619047619047,0.42063492063492064,0.34868729154443434,0.3960885670057497,0.34077303648732216,0.047619047619047616
ge,title_and_5_sentences,0.561056105610561,0.648854961832061,0.4941860465116279,0.4462908784337355,0.5981086373943516,0.42778716749857837,0.0
it,title_and_5_sentences,0.54,0.6352941176470588,0.46956521739130436,0.38571042252870763,0.4333397596555491,0.35427890624319197,0.11666666666666667
po,title_and_5_sentences,0.6166666666666667,0.7207792207792207,0.5388349514563107,0.5026973014806408,0.6750654413812309,0.4469573033482807,0.05128205128205128
ru,title_and_5_sentences,0.4967320261437908,0.5671641791044776,0.4418604651162791,0.32433518862090294,0.3481434240362812,0.32108843537414966,0.13157894736842105
