language,unit_of_analysis,f1_micro,precision_micro,recall_micro,f1_macro,precision_macro,recall_macro,accuracy
en,title,0.5923836389280677,0.7,0.5134474327628362,0.40263613601721066,0.5345319704008729,0.34556035487825315,0.08737864077669903
fr,title,0.3773584905660377,0.46511627906976744,0.31746031746031744,0.24266366497509326,0.31262254901960784,0.22725881261595546,0.047619047619047616
ge,title,0.48251748251748255,0.6052631578947368,0.4011627906976744,0.3148260917270134,0.3412349555206698,0.3021486664841375,0.0
it,title,0.4583333333333333,0.5714285714285714,0.3826086956521739,0.32204480853727213,0.4316455875279405,0.2839585973514545,0.016666666666666666
po,title,0.5,0.5759493670886076,0.441747572815534,0.37634188304895616,0.48371899839291144,0.35149027038124786,0.0
ru,title,0.3401360544217687,0.4098360655737705,0.29069767441860467,0.2269296883352183,0.2813375350140056,0.20731292517006802,0.10526315789473684
